"","baseMean","log2FoldChange","lfcSE","stat","pvalue","padj"
"Et_1A_006564",1123.91327717439,-2.27047742020696,0.203395232590277,-11.1628841605184,6.19486376402396e-29,2.62166634493494e-24
"Et_2B_022367",325.087449357406,-2.02983650078214,0.222677958187538,-9.11556993473341,7.82580486965404e-20,1.6559403104188e-15
"Et_10B_004390",130.788614937965,-2.50214361368947,0.279104701001034,-8.96489240315664,3.10583944956338e-19,4.38130418351741e-15
"Et_1B_014149",99.5494329278898,-3.91765188428151,0.452036180886633,-8.66667769070464,4.44912134170459e-18,3.76573630361877e-14
"Et_6B_049569",1084.82145165278,2.51441707975447,0.289346436022049,8.68998807907511,3.62477521880687e-18,3.76573630361877e-14
"Et_3A_025470",21.8957434782649,-2.74485757817677,0.327596384762133,-8.37877860028829,5.3479764832258e-17,3.77210607950193e-13
"Et_3B_031444",1302.92937808537,-1.26069694432449,0.152574474481066,-8.26282999572739,1.42258777685062e-16,8.60055924518832e-13
"Et_6B_049371",299.326370121398,1.08370203127605,0.132245204087661,8.19464145223522,2.51341239073109e-16,1.32959515469675e-12
"Et_1A_007530",159.786945933228,1.06275132891423,0.130024936688318,8.17344238714565,2.99712515142875e-16,1.40931484898294e-12
"Et_10A_001167",1183.7437815835,2.38810241866107,0.294935709337436,8.09702705727246,5.63185496505958e-16,2.38340102121321e-12
"Et_6A_046738",143.892435644055,1.58870314899575,0.198628632680341,7.9983591869783,1.26088106591745e-15,4.66895287250598e-12
"Et_7A_050770",141.743232951665,-1.29916438074662,0.162550976057518,-7.99235053677506,1.3238996802947e-15,4.66895287250598e-12
"Et_3B_030225",638.518329543196,-3.29048042506434,0.41519421924357,-7.92515953391444,2.27853613703256e-15,7.4175114860937e-12
"Et_6A_046063",187.980824474819,-1.5340317266487,0.194043886731825,-7.90559162922139,2.66664034158241e-15,8.06087280398339e-12
"Et_1A_007730",484.328088035584,-2.10232581397966,0.27016495646864,-7.78163771297146,7.15916407999757e-15,2.01983882576998e-11
"Et_9A_062429",522.317376176407,1.47487596394843,0.190205841076799,7.75410447754295,8.8969059493016e-15,2.35323162359027e-11
"Et_10A_000842",181.342483046075,-2.96737847920941,0.383809535643967,-7.7313828960259,1.06384512104505e-14,2.64834856015451e-11
"Et_3B_028239",419.771645130837,1.11267218200013,0.144236411123044,7.71422537025644,1.21719225249843e-14,2.86175422920742e-11
"Et_1A_007725",679.742652724194,-2.09536397245307,0.274955559559202,-7.62073687766951,2.52231632953454e-14,5.33722135329508e-11
"Et_4A_032792",345.032872577261,1.07524055689731,0.141017591743762,7.62486824233314,2.44283764178955e-14,5.33722135329508e-11
"Et_1A_006508",98.3020070760381,-1.88569634608675,0.248260992889397,-7.59562073823998,3.06320467516374e-14,6.1730867549014e-11
"Et_6A_046353",101.983674965002,3.1166834725274,0.41196583873397,7.56539299983079,3.86693709054488e-14,7.43858080326633e-11
"Et_2B_018909",15.5298977012767,-3.10954514341647,0.414055686256111,-7.50996845746271,5.91416113737687e-14,1.08820564927734e-10
"Et_3A_023023",87.4452480743342,-3.06101158079775,0.411362778609834,-7.44114864048269,9.98135578116283e-14,1.68964390663524e-10
"Et_6A_046739",1844.83966646272,2.16781807515354,0.29127496871021,7.44251414652216,9.87868762375711e-14,1.68964390663524e-10
"Et_3B_030343",162.546655647349,1.37478671419306,0.185409169498659,7.41487984607475,1.21735121369642e-13,1.98147320629355e-10
"Et_4A_034586",312.537148798997,-2.71063402150334,0.366138527649311,-7.40330180193327,1.32839371265784e-13,2.08213414517332e-10
"Et_6A_047661",1959.16096661846,1.95698722647216,0.265106743208835,7.38188400183606,1.56065140909749e-13,2.35881312975021e-10
"Et_4B_039707",605.593033585076,-1.52400517455732,0.207079173925783,-7.3595289456946,1.84560335881808e-13,2.69330807397177e-10
"Et_2B_020961",300.789031328426,-2.36630788715232,0.321964450721493,-7.3495936642994,1.98810298878482e-13,2.71408124146366e-10
"Et_3A_025673",975.623123091646,-1.61630471258741,0.219889600007338,-7.35052823113724,1.97425075247161e-13,2.71408124146366e-10
"Et_10B_002485",52.1027716745296,1.37343906009629,0.189600725401385,7.24384918458892,4.3612637674021e-13,5.76777133238928e-10
"Et_1B_014150",109.05385040031,-2.20404699050667,0.304847820327135,-7.22999097760149,4.83026124901629e-13,6.19444412298089e-10
"Et_10B_004425",44.5320519511491,1.50253675682362,0.207983101053634,7.22432134732019,5.03610436059894e-13,6.26846872178079e-10
"Et_1B_014201",13.0219188403936,-2.63493104976071,0.365293014023425,-7.21319857924176,5.46526220580515e-13,6.60828275856212e-10
"Et_3A_024147",41.0287266546901,4.09604871479191,0.579597955343168,7.06705169856357,1.58260004658844e-12,1.86043427698952e-09
"Et_3B_031477",177.82934247015,3.37749233291125,0.482014844016695,7.00702971046731,2.4343058915803e-12,2.78431960355888e-09
"Et_3B_028240",93.486691694435,1.69445057924077,0.242056502238153,7.00022748231585,2.55547242028313e-12,2.84598928490479e-09
"Et_1A_006266",721.201842191237,-1.30617520007586,0.186968165868855,-6.98608340091465,2.82666082097405e-12,3.02433220223844e-09
"Et_1B_012252",513.777366526767,1.4407238804322,0.206274178854328,6.98450910547389,2.85853705315543e-12,3.02433220223844e-09
"Et_3A_023541",2014.6170246977,-2.56359042379814,0.369603304656226,-6.936059260029,4.03188526118813e-12,4.1616922988654e-09
"Et_1B_010594",113.842621741667,4.48484423226246,0.648244993062328,6.91844021976309,4.56643410401694e-12,4.60122598290469e-09
"Et_1A_007426",1088.76024827858,1.74537549809239,0.252839879668232,6.90308625515331,5.08847110581727e-12,5.00800226042295e-09
"Et_1B_014151",72.3394437513785,-2.15117042461767,0.312008854482267,-6.89458133547916,5.40236691152329e-12,5.08062594879257e-09
"Et_9A_060902",33.5208322865836,-2.31378978863731,0.335563278176087,-6.89524134229954,5.37734318808823e-12,5.08062594879257e-09
"Et_1A_005489",59.6128702495794,-1.36903899317827,0.199303416893642,-6.86911952898855,6.45993634874522e-12,5.9431414408456e-09
"Et_3A_025212",505.898387404006,-1.89971557741366,0.276694598483674,-6.86574869124434,6.6143426258803e-12,5.95572297717562e-09
"Et_3B_030349",145.037166893687,1.07884468564174,0.158046445924401,6.82612430372394,8.72393468412975e-12,7.53463093535451e-09
"Et_5A_041227",18.168522539787,-2.02074836866106,0.295915743185721,-6.82879642328733,8.56299851397226e-12,7.53463093535451e-09
"Et_10B_003976",1317.57202678518,-1.87090365149628,0.274370038690593,-6.81890654105311,9.17360528161378e-12,7.72696756088063e-09
"Et_1B_011174",669.672553480336,-1.68995034455173,0.247911158158567,-6.81675789466004,9.31179928177959e-12,7.72696756088063e-09
"Et_4B_036282",19.6589317265856,-3.02670801023753,0.444251951113684,-6.81304382040406,9.55550184764092e-12,7.77670842677238e-09
"Et_3A_024144",33.8130471039366,3.89734252819232,0.572683382365277,6.80540530457799,1.00765142254004e-11,7.90699263450343e-09
"Et_5A_042797",617.859709647714,-3.43096351224855,0.504166192203601,-6.80522328808394,1.00892628134023e-11,7.90699263450343e-09
"Et_3B_028238",208.401669760778,1.55254794578496,0.228733671108675,6.78757936363167,1.14030534793266e-11,8.77413133172909e-09
"Et_1A_005785",131.171187833871,4.30466463108825,0.637691298852856,6.750389473452,1.47448808171643e-11,1.11429170746856e-08
"Et_10B_003045",24.667865081643,3.58868453258694,0.53399408086077,6.72045751294129,1.81154851380766e-11,1.34499531762e-08
"Et_9A_061465",42.8320493216541,-1.45340125550313,0.2168574208062,-6.70210523624184,2.05437992801239e-11,1.47358234836414e-08
"Et_2A_018168",644.329035488891,-1.21224744205515,0.181730820332274,-6.6705660593987,2.54818641834926e-11,1.79732082040901e-08
"Et_7A_052552",14.5803256012474,-3.19138768790742,0.479180885139388,-6.66008972160708,2.73660471635802e-11,1.89857559993887e-08
"Et_1A_008300",234.334872655225,-1.36165902686338,0.204696849997735,-6.65207611586817,2.88987170740337e-11,1.97257049447275e-08
"Et_10A_001598",100.484331394108,-1.87455189619272,0.282740227258263,-6.62994408107499,3.35814062260013e-11,2.22057048669434e-08
"Et_2B_022686",120.630678433571,-1.40187327649216,0.213159110769156,-6.57665192650545,4.81159343173960e-11,2.99450932398853e-08
"Et_3A_025857",311.044272569509,-2.47341337132762,0.375850543102859,-6.5808428821419,4.67788712007957e-11,2.99450932398853e-08
"Et_4B_037643",231.082142468543,2.14109269549131,0.325458061810903,6.57870535938768,4.74562100352741e-11,2.99450932398853e-08
"Et_2B_019263",351.842116907755,-1.20916386765196,0.184269584141331,-6.56192867252882,5.31162239565813e-11,3.22306724663991e-08
"Et_2A_016773",386.009985422573,-1.33243259491781,0.203414325886415,-6.55033803106781,5.74069897115192e-11,3.32803260902944e-08
"Et_5A_042301",95.5533043603185,-1.67899258414536,0.256528077250953,-6.5450636130674,5.94700662498153e-11,3.39560521018663e-08
"Et_9B_064610",849.146689636591,1.36531247504106,0.208658197684484,6.54329659793944,6.01773135075609e-11,3.39560521018663e-08
"Et_2A_017956",344.581339619921,2.39694319166924,0.370629740112996,6.46721763595785,9.98238313867463e-11,5.55861124248303e-08
"Et_2A_016108",20.3462157155263,-2.1900869339231,0.338789344771813,-6.46445045489315,1.01667600095641e-10,5.58775692993183e-08
"Et_3A_023533",251.011093016988,-1.04063494317776,0.161154935983903,-6.45735693309268,1.06547396887227e-10,5.78087927726598e-08
"Et_5A_040673",531.389561316519,-1.76805946572361,0.274004966438699,-6.45265481390156,1.09907510658161e-10,5.88770360892831e-08
"Et_9A_063204",85.6634203137903,-1.22621032307732,0.190247437588207,-6.44534475009051,1.15337937646049e-10,6.10137690147601e-08
"Et_8B_059382",176.039058837596,2.24121271603254,0.348160218958433,6.43730269568827,1.21615253746005e-10,6.31246574773843e-08
"Et_10A_000758",272.690645718071,1.49210527873222,0.233356985660631,6.39408875850915,1.61507597394086e-10,8.04117826084437e-08
"Et_7B_055352",110.643116026543,-1.22035843064623,0.191006365138021,-6.38909823640904,1.66866839971172e-10,8.2114007762558e-08
"Et_3A_025269",468.320625551892,1.17237550132799,0.183955071652617,6.37316215745286,1.85169915235106e-10,9.00734576178123e-08
"Et_1B_011373",38.1816063290066,-2.4352979603531,0.385032232784665,-6.32491971578669,2.53364277834225e-10,1.21845184522095e-07
"Et_7A_051394",119.823795435004,3.19903509180253,0.507686165219092,6.30120596337697,2.95338624479512e-10,1.40435175145763e-07
"Et_6B_048767",198.351306101391,-3.1048660783611,0.493023137262868,-6.2976072392839,3.0227523291886e-10,1.42136531745846e-07
"Et_3A_025775",321.547432079497,-1.1751072092675,0.186686729284784,-6.29454066590304,3.08311445698662e-10,1.43381762439202e-07
"Et_Un_067596",16.9346066312937,4.25919439640259,0.67710150485667,6.29033367353715,3.16784306159083e-10,1.44153890716692e-07
"Et_3A_025763",18.9126674543946,-2.02616065113568,0.322946645953223,-6.27397954592524,3.51934762041297e-10,1.58445522655188e-07
"Et_1B_013671",760.002333846416,-1.06127683604313,0.169559218875437,-6.25903352870935,3.87370590665007e-10,1.72563404178348e-07
"Et_9A_061473",67.0657304409803,-1.68217520328701,0.269299406762901,-6.24648685085313,4.19787341020851e-10,1.85056252833358e-07
"Et_1A_008223",199.413745266269,1.11115365675042,0.178144969351625,6.23735635530189,4.45027432544767e-10,1.92179193319332e-07
"Et_2A_016801",41.1269420032934,2.84558576056655,0.456677447525239,6.23106259349337,4.63281940260928e-10,1.98041330422651e-07
"Et_1B_011485",345.461313174512,-1.45996751825439,0.234713570082169,-6.22020924373179,4.96492313392875e-10,2.05995634341044e-07
"Et_7A_050900",97.4505017567271,3.28742532864799,0.528457950375993,6.22078885615972,4.94661472857675e-10,2.05995634341044e-07
"Et_3A_025492",410.389150246674,-1.23644876040108,0.198892015517901,-6.21668374761776,5.07771698698754e-10,2.08630080475061e-07
"Et_1B_010817",100.403172069941,-1.86401838093462,0.300315988342633,-6.20685695497485,5.40547578052711e-10,2.19961283684526e-07
"Et_7A_050364",82.8889400035895,-1.50340050821039,0.242405993580908,-6.20199396063446,5.57522179034682e-10,2.24707986826169e-07
"Et_3A_026274",407.552581471605,-1.42905200308076,0.230531957890802,-6.19893231357392,5.68474710114384e-10,2.26960846528686e-07
"Et_10A_000884",12.5813102336783,3.42813204154797,0.553635937699267,6.19203308187359,5.93930819172285e-10,2.31815904534144e-07
"Et_3B_029647",485.570471695271,1.26250233409887,0.203918750370139,6.19120277957407,5.97068374154576e-10,2.31815904534144e-07
"Et_6B_049146",89.2242551587774,-2.75893421932948,0.446628652972169,-6.17724411761241,6.52301741276835e-10,2.50958269916688e-07
"Et_4A_035738",83.3381128049535,-1.29950056164231,0.210707675074765,-6.167314793736,6.94593930623318e-10,2.64821758053863e-07
"Et_4A_034751",393.036644475658,2.15382047769582,0.34939779396427,6.16437915436889,7.07602113282619e-10,2.67372512804647e-07
"Et_4B_036955",412.769903598059,1.01380340589077,0.164754157110334,6.15343141364156,7.58241763512161e-10,2.83971605591457e-07
"Et_8A_057796",118.358229833289,-1.24223875057557,0.202192881960494,-6.14383027993184,8.05549147263891e-10,2.99042455370244e-07
"Et_7A_051173",20.292737717426,-1.93991757442943,0.316581474055318,-6.12770403011787,8.91562334651105e-10,3.25266534503748e-07
"Et_2B_021515",202.450609848385,1.13336367738961,0.185531140277148,6.10875174753187,1.00413374760655e-09,3.60126611853469e-07
"Et_5B_044007",164.019178872237,-1.3261321918147,0.217043876376778,-6.10997284951085,9.96480909247915e-10,3.60126611853469e-07
"Et_5B_044388",225.297571216683,-1.46073970615308,0.23980975992214,-6.09124377017577,1.12036795757432e-09,3.9843673919786e-07
"Et_4A_034968",194.811467757214,-1.42707542982914,0.234387933575278,-6.0885191829673,1.13959801181658e-09,4.01898232167313e-07
"Et_4A_031903",48.369062795223,-1.50211879845406,0.246911061414705,-6.08364319462846,1.17481895521767e-09,4.10895356899272e-07
"Et_2B_019258",133.405407524676,-1.43041417936806,0.235271423271777,-6.0798466701827,1.2029752632084e-09,4.11728440070264e-07
"Et_7B_054389",80.1035955247359,-1.19107442704343,0.196239049514436,-6.06950772535113,1.28302920415454e-09,4.3438236735856e-07
"Et_1A_008451",268.128032757985,-1.01596603133916,0.168223459876749,-6.03938375826726,1.54703913714037e-09,5.16131146131368e-07
"Et_3B_029835",219.639999654779,-1.2357704335786,0.204625137155457,-6.03919171787659,1.54888127501616e-09,5.16131146131368e-07
"Et_6B_049698",313.22218210776,2.05578651234081,0.340933110142627,6.02988225895921,1.64079175026796e-09,5.42486772432343e-07
"Et_3A_026271",378.483103672918,-1.46425085129544,0.243298489221986,-6.01833104668174,1.76224514189939e-09,5.78125693063427e-07
"Et_5B_045723",30.2137964336089,-1.75912740814105,0.293554358461927,-5.9925099302152,2.06626815133529e-09,6.7264975511161e-07
"Et_3A_026080",62.9894048970935,-1.63955027931613,0.274213097544352,-5.97911002063258,2.24359993805307e-09,7.19311737715196e-07
"Et_7A_050762",879.350659588891,1.0123352269459,0.169304065158113,5.97939113866213,2.2397317925741e-09,7.19311737715196e-07
"Et_6B_049803",1189.27886842836,2.37322829582212,0.397789908280633,5.9660344478821,2.43088984671623e-09,7.73498182804744e-07
"Et_9B_065115",503.343101355882,1.49689279088624,0.251064624690864,5.96218122218278,2.4889288571684e-09,7.8023310544716e-07
"Et_7B_055479",72.0977784047983,-1.02758048080578,0.172434193036123,-5.95926169115725,2.53380066014624e-09,7.88459146598448e-07
"Et_3B_028075",535.53938144933,-2.09296085442383,0.351464617275195,-5.95496886898591,2.60121340551425e-09,8.03528111834767e-07
"Et_1A_008749",176.464577033654,-1.20619140032957,0.202611636361441,-5.95321878837123,2.62919435975042e-09,8.06286270323463e-07
"Et_4A_035366",79.8148505488255,-2.30553016804631,0.387397870889377,-5.95132379729744,2.65982273858806e-09,8.09810779115445e-07
"Et_3B_031051",52.7258504835615,1.56860699823797,0.263890108466269,5.94416746938612,2.7786541484637e-09,8.39947454021314e-07
"Et_1B_012523",341.667918546452,-2.33123632328541,0.392846588193449,-5.93421552674258,2.95253770605279e-09,8.86180111490454e-07
"Et_3A_025485",387.041718426619,-1.46160260235988,0.246605489210267,-5.92688592229046,3.08733290448824e-09,9.20112172661565e-07
"Et_10A_001909",372.306677513294,-2.48622754316796,0.420154248761365,-5.91741616441456,3.27038460689016e-09,9.6785088506008e-07
"Et_3A_027373",222.941424184172,-1.06311261056439,0.179728202351978,-5.91511291301073,3.31647989491017e-09,9.7467659133749e-07
"Et_3B_029790",78.009785153062,1.54234540473996,0.261161854598112,5.90570704559207,3.51137474693129e-09,1.00484427917074e-06
"Et_5A_041976",69.6858942549889,4.76398755080899,0.806444961699637,5.90739328418465,3.47563328414351e-09,1.00484427917074e-06
"Et_7A_050372",138.964174785043,-1.86001520714492,0.314958997526301,-5.90557889043826,3.51410570220391e-09,1.00484427917074e-06
"Et_8B_058983",302.301682422499,1.10891163692493,0.187932813941159,5.90057485794964,3.62237218174805e-09,1.02885094450723e-06
"Et_4A_035892",36.7695342246491,-2.2358937226957,0.379217057287461,-5.89607898623823,3.72240839777082e-09,1.05021548929107e-06
"Et_2B_022835",14.5228952020248,-2.24384024421977,0.381092059771916,-5.88792179391697,3.91082089468979e-09,1.09606582955809e-06
"Et_9A_062726",83.566765997091,-1.14536675072629,0.194616047875244,-5.88526364208416,3.97419964010778e-09,1.10650084716685e-06
"Et_9A_061795",84.1583773057665,-2.05774541627488,0.350157935624302,-5.87662082427488,4.1872581674316e-09,1.15820108265167e-06
"Et_9B_063921",64.9847948498542,1.93678894401675,0.330007311645984,5.86892737120457,4.38623511766874e-09,1.20536019597235e-06
"Et_7A_050617",10.4941348771308,-2.89592424064824,0.494104697516273,-5.86095265882969,4.60219180644787e-09,1.25654682096048e-06
"Et_1B_011941",67.6686995726774,-2.11700696725235,0.361661631361231,-5.85355698165799,4.81169291683714e-09,1.3053259246189e-06
"Et_5A_042906",40.9546189775522,1.43752658661387,0.245840027353987,5.84740655167586,4.99296160591248e-09,1.33746067588652e-06
"Et_9B_064046",609.10520680215,1.41039344475131,0.241200367213571,5.84739343909237,4.99335507537973e-09,1.33746067588652e-06
"Et_3A_027238",143.544251761202,-2.11833568893871,0.362603627626766,-5.84201460642625,5.15732832066472e-09,1.37269267000334e-06
"Et_8A_057667",280.550101386027,-2.64680936811394,0.45343627727641,-5.83722454677015,5.30775421938767e-09,1.40390099102804e-06
"Et_5A_042066",68.2570531247563,-1.38151415147656,0.237118959698757,-5.82624920939124,5.66869479890948e-09,1.49005691857049e-06
"Et_1B_012344",494.719846552428,1.75378921858291,0.301504440363936,5.81679399635366,5.9986993168514e-09,1.56706762400711e-06
"Et_8B_059989",57.5700633120319,-1.29287366577447,0.223083161230356,-5.79547850516359,6.81266537776252e-09,1.75799999260311e-06
"Et_5B_045236",28.3989347505127,-2.30164323784642,0.397296025023393,-5.79327023901358,6.90288992940062e-09,1.7704866776499e-06
"Et_Un_067708",27.5855771484246,-3.14909361463203,0.544024472488946,-5.78851462366157,7.10115674274667e-09,1.81036718887373e-06
"Et_6B_048236",35.4921616576854,1.71429051357837,0.29620934737274,5.7874288194598,7.14719573376519e-09,1.81119355361044e-06
"Et_10A_001558",569.930432783161,-1.97587308966016,0.342415509624195,-5.7703960075544,7.90854583734709e-09,1.96836319138479e-06
"Et_3A_025562",282.625604697603,-1.09593213864426,0.189954621298279,-5.7694418338123,7.95345240375234e-09,1.96836319138479e-06
"Et_10A_001584",48.84807282435,-1.54423383280005,0.267715754421946,-5.76818437949,8.0130111751323e-09,1.97157344727674e-06
"Et_2B_019439",286.256967439239,-1.92577517924554,0.334329370574137,-5.7601136745433,8.40573073627128e-09,2.0562458078555e-06
"Et_8B_060305",405.896147924251,-1.35106435075013,0.235344991668071,-5.74078224981163,9.42402056813972e-09,2.29209511749237e-06
"Et_8A_057057",52.7118062955229,-1.77706168466126,0.310324510739646,-5.72646253570399,1.02546395006974e-08,2.47986482096866e-06
"Et_4A_034178",320.461132824804,-1.44709310458751,0.252788426054004,-5.72452278443461,1.03724887335451e-08,2.49411206365699e-06
"Et_1A_008271",205.203299557849,-2.6552007786619,0.464290813689801,-5.71883117298952,1.07259298902795e-08,2.56452741783405e-06
"Et_3B_029892",334.086473696673,-1.02801866169646,0.179792467542095,-5.71780717930118,1.07907489137258e-08,2.56553086533076e-06
"Et_7B_053625",126.522913697875,2.35628568631987,0.412379365369524,5.71387873447172,1.10429705286728e-08,2.6108296802985e-06
"Et_6B_049363",815.776099131012,1.10889199658758,0.194196421960692,5.71015668255738,1.1287221115981e-08,2.65375109793509e-06
"Et_4A_032334",53.1118842211449,-1.62413114282925,0.284629843789375,-5.70611683303,1.1558267721929e-08,2.68761478017602e-06
"Et_5B_044457",60.3738541526712,-1.87672648375124,0.3288765331872,-5.70647733836026,1.15338254789876e-08,2.68761478017602e-06
"Et_3A_023424",1148.90618429371,1.87843099971448,0.329481362965456,5.70117527379362,1.18984216793709e-08,2.75159128672665e-06
"Et_5A_042776",14.416931075826,-2.18171793539756,0.383146995477432,-5.69420603880494,1.23947334067101e-08,2.85078868354333e-06
"Et_1A_008737",79.6113820324574,1.7008164659632,0.299469774108513,5.6794261491876,1.35147385094918e-08,3.09158774984698e-06
"Et_5B_044666",99.2295117825119,5.5905480860443,0.986520285231123,5.66693677741715,1.45372950913147e-08,3.30762542077655e-06
"Et_4B_039924",99.0139726654685,-1.2630169668862,0.223112085884139,-5.66090788798449,1.5057423790025e-08,3.40764799355004e-06
"Et_9B_064653",54.6678949058488,-1.75303127553324,0.309909499572184,-5.65659096592139,1.54409157656299e-08,3.47584869788009e-06
"Et_4B_038890",489.935077157914,-1.26553451176459,0.224147861746311,-5.64598074639191,1.6424222710681e-08,3.65827950061062e-06
"Et_9A_062093",30.5615962319509,-2.1654356309578,0.384122823562344,-5.63735216479879,1.72684738875843e-08,3.8261875126836e-06
"Et_4A_033398",127.739273024393,-1.38721566688499,0.246383219423119,-5.63031715444343,1.79878544777395e-08,3.9648229244684e-06
"Et_10A_000953",36.2109061915239,-1.23031703669084,0.21871591774454,-5.62518288279253,1.85311541388241e-08,4.06341162256494e-06
"Et_10B_004462",252.848306728538,-1.54490723631973,0.27497405348307,-5.61837459480463,1.9276222660477e-08,4.20499867521333e-06
"Et_7A_051520",9.35898043301885,-2.77246435797172,0.493608268401811,-5.61672997688695,1.94605179257949e-08,4.22343137753661e-06
"Et_3A_024096",821.322727965919,-1.2431407301569,0.221586140683724,-5.61019171289809,2.02102599550283e-08,4.34161523500913e-06
"Et_5B_045571",97.1853274063204,-1.86878976252934,0.333087688613125,-5.61050385954045,2.01738372890395e-08,4.34161523500913e-06
"Et_5B_044649",71.8783505248142,2.02833853219872,0.362320619250977,5.59818686662628,2.16605207702623e-08,4.62966282321969e-06
"Et_9A_061194",181.172796721287,-1.32641109679515,0.237725731898661,-5.57958571081646,2.41092122835929e-08,5.12714504443042e-06
"Et_7A_050707",23.7214644186471,-2.28072772576095,0.408921999576688,-5.57741507701209,2.44118892972831e-08,5.16555577530511e-06
"Et_4B_038325",73.6483855669846,-1.28316522653104,0.230286926558397,-5.57202810297464,2.51790791317561e-08,5.30138621321352e-06
"Et_3B_030142",196.676662033462,-1.30905923210084,0.235132024414176,-5.56733705399047,2.58661766430986e-08,5.41909205710858e-06
"Et_5A_041761",110.12680158458,-1.5291020576207,0.274765267150014,-5.56512136152149,2.61970023933554e-08,5.46136522801379e-06
"Et_6B_048903",618.23277617165,-1.09412435617664,0.196651581289267,-5.56377095471827,2.6400642065786e-08,5.47683907952972e-06
"Et_7A_052248",148.345831291324,-2.58998333928527,0.465962592174313,-5.55835035426273,2.72336306305409e-08,5.59479246740045e-06
"Et_8B_059381",25.2643239936916,2.40475460735724,0.433434050673507,5.54814418392031,2.88717740922338e-08,5.90267381441224e-06
"Et_1B_009917",83.6101834024041,-1.72142867670349,0.310331775099962,-5.54705903431575,2.90514674805785e-08,5.91085626816386e-06
"Et_10A_000015",25.7762259991905,-2.20308179724176,0.397653969045863,-5.54019818418479,3.02129529916218e-08,6.11776158184418e-06
"Et_2A_018316",118.511115221972,-2.65717657426404,0.47969236558407,-5.53933471721751,3.03622846318409e-08,6.11872326485479e-06
"Et_9B_064339",128.16310612888,1.918301675693,0.346492027553909,5.53635155543236,3.08837359516687e-08,6.19431140035365e-06
"Et_3B_031090",439.887533824088,-2.19583632541542,0.396767943893512,-5.5343088049592,3.12458056415348e-08,6.23737025825356e-06
"Et_7B_054727",283.058293517045,-1.90357687567795,0.344287718443334,-5.52902927901349,3.22007604096269e-08,6.39782244382822e-06
"Et_5A_042338",149.944833176631,-1.11899734935944,0.203167940188625,-5.50774570200663,3.63457925068285e-08,7.1876352284532e-06
"Et_4B_038894",164.271513465252,2.14443359250156,0.390404096217661,5.49285628218915,3.95484623512996e-08,7.71286141339631e-06
"Et_6A_047445",5.92272357290973,-3.06417313735904,0.5583200835288,-5.48820153126549,4.06046650133606e-08,7.88252029066707e-06
"Et_3B_031574",149.957997285047,-2.07942835602945,0.378951543096655,-5.48731993287879,4.08077648837418e-08,7.88577447433768e-06
"Et_6B_049922",74.5085706287441,-1.55146819397424,0.282897890624178,-5.48419852318841,4.15348138760228e-08,7.98978783287856e-06
"Et_2B_020640",20.367133965453,4.22005820958715,0.769734699513827,5.48248404580511,4.19394833112852e-08,8.03112639698456e-06
"Et_3A_027310",277.808554232314,1.16019367539991,0.211986297571639,5.47296541658705,4.42566505842562e-08,8.37682159800962e-06
"Et_5A_041446",231.041207221182,-1.32021357154871,0.241273772110973,-5.47184868043378,4.4536504242726e-08,8.37682159800962e-06
"Et_6B_048732",141.885330899694,1.32342784103656,0.241990165892664,5.46893232687633,4.52754560147926e-08,8.47812963958418e-06
"Et_9B_064693",782.918892427202,-1.17509791411589,0.214973982407713,-5.46623317368346,4.59699550558591e-08,8.57025770028175e-06
"Et_5A_041939",75.5315030321966,-1.2199830395375,0.223220860304402,-5.46536303943026,4.61960360144979e-08,8.57463264970856e-06
"Et_4A_032451",47.623620807963,-1.22252052096039,0.223788447476835,-5.46284017224318,4.6857645171974e-08,8.65945652261109e-06
"Et_2A_018581",103.249101009748,-1.37245091591158,0.251314328647806,-5.46109297983938,4.73212112192844e-08,8.70710286434832e-06
"Et_4A_034398",57.3885581810908,-1.88262224031984,0.345562278244802,-5.44799695696575,5.09402296596568e-08,9.17357667743266e-06
"Et_7A_052637",160.404999746641,-1.14391060765032,0.209960493856466,-5.44821831307143,5.08768873436494e-08,9.17357667743266e-06
"Et_8A_058362",56.3475289246083,-2.60940118652749,0.478929712812,-5.44840112593262,5.08246319633062e-08,9.17357667743266e-06
"Et_10A_002036",630.062078878667,-1.71621503482525,0.315202561717092,-5.44480040224301,5.18635082124655e-08,9.26102813312886e-06
"Et_1B_012702",661.720032819409,-1.41662121243687,0.260168453846489,-5.44501530255756,5.18009321530661e-08,9.26102813312886e-06
"Et_2A_018561",83.8019414162216,-1.72826872385609,0.318342548162494,-5.42895925735292,5.66836209693236e-08,1.00370328009279e-05
"Et_3B_031094",505.334484140063,-1.97370916387974,0.363756949727658,-5.42590090816804,5.76629446498342e-08,1.01678992399208e-05
"Et_2A_015881",56.1099746622658,-1.33725900768875,0.247116723126617,-5.41144682872622,6.25175583209228e-08,1.09169079863224e-05
"Et_5B_044965",277.718265959923,-1.07416363871039,0.199045948844326,-5.39656117065962,6.79302589908546e-08,1.17820022971023e-05
"Et_1B_013088",57.3467557785437,-2.5418944421212,0.471254058639041,-5.39389400584064,6.89468991361627e-08,1.18592819808024e-05
"Et_3B_031665",327.140734885266,-1.20908102506281,0.224246724507405,-5.39174441775572,6.9776966285912e-08,1.18592819808024e-05
"Et_4B_039289",283.83042448272,-1.29039248887997,0.239270661491422,-5.39302428821273,6.92815835028306e-08,1.18592819808024e-05
"Et_5B_043788",8.0467614649794,-3.80618571802986,0.705616187035444,-5.39413038981016,6.88562049778812e-08,1.18592819808024e-05
"Et_6B_048985",377.603736614263,-1.30031608274063,0.241153139993651,-5.3920761005843,6.96482577560862e-08,1.18592819808024e-05
"Et_4B_037663",150.508418356474,-1.04586902449866,0.194451438925046,-5.37856150759472,7.50833312606731e-08,1.27101063158067e-05
"Et_1A_008197",69.2406351280381,1.7037603181281,0.316841643841223,5.3773244497554,7.56008660630347e-08,1.27467276963651e-05
"Et_4A_035184",365.162188552953,-1.3406077822806,0.249352559733992,-5.37635460293952,7.60090250573281e-08,1.27646902397862e-05
"Et_2B_020811",253.605662487956,-1.0453730839766,0.194561838371597,-5.37296055961407,7.74542752705446e-08,1.29559878634366e-05
"Et_2B_021274",470.814671838807,1.28824450475951,0.239909972157933,5.36969969681568,7.88678612082197e-08,1.31405034894955e-05
"Et_3A_023810",52.702272604906,1.537596771,0.286772072650663,5.36173818038777,8.24249491832596e-08,1.36793092134727e-05
"Et_10B_003975",1078.96580943842,-1.43736923763772,0.268155474845754,-5.36020843305366,8.3125987378316e-08,1.36882948865772e-05
"Et_4B_039029",74.9527414540346,-1.85949371010262,0.3468624894285,-5.36089593650318,8.28102133884668e-08,1.36882948865772e-05
"Et_3A_027343",106.930518084059,2.14818757431835,0.40109876605141,5.35575712552306,8.5198890769832e-08,1.39752599123228e-05
"Et_3B_028307",23.8650799698888,-1.83706339340344,0.343183058027343,-5.35301306528097,8.65016007244734e-08,1.41035245623916e-05
"Et_5B_043400",86.063154171907,-2.1384426592386,0.399506651745392,-5.35270852161291,8.66473626233889e-08,1.41035245623916e-05
"Et_2B_020390",303.425984657155,-2.30560951347059,0.430971578183079,-5.34979481289866,8.80540091475745e-08,1.42230750653639e-05
"Et_4A_033596",342.147733120744,-1.33369847717328,0.249280591778075,-5.35018979079052,8.78620389069338e-08,1.42230750653639e-05
"Et_3A_024260",1001.60357434428,-1.61524067815782,0.302189591309739,-5.34512347416436,9.03554384071208e-08,1.45393237771458e-05
"Et_10B_003320",811.122633635964,2.42927573230549,0.456177826469831,5.32528235996177,1.0079633885117e-07,1.60764573581216e-05
"Et_2A_015077",448.486356122396,-1.26745026840129,0.238046256122182,-5.32438648289744,1.0129433508322e-07,1.60764573581216e-05
"Et_3B_027579",361.275346233178,-1.08749267469886,0.204256674858659,-5.32414754842835,1.01427554693253e-07,1.60764573581216e-05
"Et_6A_046719",75.673917010616,-1.45788851869572,0.274778789139218,-5.30568070142078,1.12253302387853e-07,1.77259692427386e-05
"Et_3A_027034",148.291446829247,-1.0918963237974,0.205834301737186,-5.30473451014768,1.12837098084865e-07,1.77519181819758e-05
"Et_10B_003372",51.8511584708535,1.22307678363795,0.230622322537862,5.30337553701965,1.13680721401127e-07,1.77743151947284e-05
"Et_3B_031448",615.267942760103,1.65652308035403,0.312492436550756,5.30100215748734,1.1516872772361e-07,1.79188991075852e-05
"Et_3B_027891",369.409556373068,1.80752196471768,0.341061173325514,5.29970018895276,1.15992993065324e-07,1.79810383389176e-05
"Et_7A_051697",22.7387073613187,2.25081952585158,0.425333407633791,5.29189451252679,1.21055715099827e-07,1.86973644635936e-05
"Et_7B_054735",505.005398251213,-1.11222888934446,0.210474022001542,-5.28439984548928,1.26117523066133e-07,1.9408340276941e-05
"Et_9A_061006",62.8460221471753,-1.69097357342455,0.320135025903356,-5.28206361879013,1.27736822591524e-07,1.95863127973669e-05
"Et_2B_022913",254.11352254209,-1.45457882539457,0.275500988940613,-5.27975899828121,1.29353913914973e-07,1.97626629490313e-05
"Et_5A_040925",18.0502321202927,-1.69097664504619,0.320957280535498,-5.26854116605453,1.37512206781148e-07,2.08584824049397e-05
"Et_6A_047619",26.6176833006682,-1.63161250173697,0.31017858326868,-5.26023584395462,1.43870750284964e-07,2.1745036257356e-05
"Et_3B_031083",6.26207234644368,3.76759471748889,0.717354350556275,5.25206923826041,1.50399900459586e-07,2.26509743325612e-05
"Et_10A_001927",97.7817485596119,-1.09124970794182,0.208066485384422,-5.24471639882623,1.5652289922273e-07,2.34065339049679e-05
"Et_8B_059355",452.619998527287,-1.18393771050716,0.226261490035319,-5.23260812223217,1.67134829131901e-07,2.49054435523312e-05
"Et_1A_005700",28.7933263668242,1.2123953626116,0.231746164676773,5.23156602959356,1.68079974681847e-07,2.49584018545114e-05
"Et_2B_019961",100.870174831484,1.20922667416198,0.231186973332245,5.23051388550413,1.69039478460579e-07,2.50131144351458e-05
"Et_1B_010274",119.694192103979,-1.98073855748832,0.378872521410045,-5.22798156518881,1.71370592684894e-07,2.52696985450338e-05
"Et_7B_054457",149.725750722374,-1.19308564452409,0.228275313949104,-5.22652066000489,1.72729526838306e-07,2.53816443604066e-05
"Et_5B_045703",168.633363419563,-1.70006795208795,0.325745372379898,-5.21900876033092,1.79883255878375e-07,2.6250549616458e-05
"Et_3A_023648",219.178908884163,2.36315742354584,0.453328603541786,5.21290164592054,1.85909476056786e-07,2.70367320505951e-05
"Et_2A_017679",558.455523439303,-1.81207159298531,0.347670254829762,-5.21204091466667,1.86774341477961e-07,2.70529212338826e-05
"Et_3B_028705",26.677956298417,1.32252989013846,0.253770454782534,5.21152035319397,1.87299289261049e-07,2.70529212338826e-05
"Et_10B_003912",39.0737155309963,-1.64141515928099,0.315193828700951,-5.20763736411327,1.9126024333296e-07,2.75310663192206e-05
"Et_3A_026683",355.81109194819,-2.10189345292748,0.403708174075072,-5.20646741360411,1.92469474613684e-07,2.76103523680421e-05
"Et_6B_050073",27.8361391532345,-1.31619502341506,0.252830240988215,-5.20584491107777,1.93115886128083e-07,2.76103523680421e-05
"Et_2B_022682",65.193967143817,1.38585160275474,0.266547069714713,5.19927532588531,2.00066992807551e-07,2.850786240948e-05
"Et_8B_060537",285.31292217714,-3.48053949986252,0.67023011074404,-5.19305152673412,2.06874898294721e-07,2.93790124021227e-05
"Et_4A_034368",62.1143073496734,-3.49970464240359,0.674683571957225,-5.18717927613253,2.13503179327511e-07,3.02189115355862e-05
"Et_1B_012805",140.283352057485,-1.47950559313819,0.285486497248793,-5.18240129531887,2.19047292661736e-07,3.09002714181489e-05
"Et_8A_057281",258.061915399009,-2.22530236946649,0.429535192347101,-5.18072188056771,2.21028838702095e-07,3.10213941301584e-05
"Et_9B_064411",120.962071554369,1.10442717687837,0.213192076904101,5.18043256070517,2.21371952441111e-07,3.10213941301584e-05
"Et_5A_041910",20.6424101679277,-2.39432588032203,0.463165971103183,-5.16947709828326,2.34749898911009e-07,3.25725105636521e-05
"Et_2B_021372",41.746632279842,-1.84792870701039,0.358650501447699,-5.15244980712754,2.57105444320228e-07,3.5381378497564e-05
"Et_3B_030638",247.398418755596,-1.14953461286745,0.22306905217887,-5.15326802010028,2.55985689436112e-07,3.5381378497564e-05
"Et_7A_052588",160.162718129448,-1.23112733105916,0.238953573181353,-5.15216121135295,2.57501525927451e-07,3.5381378497564e-05
"Et_6B_050185",18.4259579654275,-1.49034912836146,0.28982086069661,-5.14231144293504,2.71378754997959e-07,3.7047577133915e-05
"Et_10B_003326",11.5540573267237,-2.03286798458394,0.395701223983365,-5.13738108798319,2.78593639018505e-07,3.79102340940937e-05
"Et_9A_062061",37.0393935480377,-1.37138889940124,0.267398137249738,-5.12864043671488,2.91842145830494e-07,3.94592958835351e-05
"Et_3A_023740",50.3681889647514,2.33924736860794,0.456215917256832,5.12750055428476,2.93614116317889e-07,3.95724503266658e-05
"Et_2A_018287",67.1680460276796,-1.65672242738119,0.323192315601086,-5.12611948802049,2.9577493371418e-07,3.96113771986838e-05
"Et_5B_045701",24.490234930356,-1.61216345660523,0.31473416456978,-5.12230205071301,3.01827884418035e-07,4.01792560655459e-05
"Et_7A_051940",28.3173319930012,-2.46826867604008,0.481872132022208,-5.12224823145889,3.01914069679669e-07,4.01792560655459e-05
"Et_9A_061719",64.5971063985786,-1.30694459941347,0.255399808539106,-5.11724972265732,3.10023035054858e-07,4.07458846072099e-05
"Et_5A_040250",73.0540833236651,-1.51936297801934,0.297368866785231,-5.10935456843459,3.23261204475888e-07,4.22235005352456e-05
"Et_2B_022915",101.342972284265,-1.45701010047827,0.285785560987387,-5.09826352123707,3.4278340740323e-07,4.46356732347837e-05
"Et_7A_052320",384.880399856754,3.40896719357043,0.668859837776589,5.09668394039393,3.45654699416268e-07,4.47342718021299e-05
"Et_5A_042288",112.836739742409,-1.96765820609592,0.386159082011222,-5.09546012966423,3.47895235611267e-07,4.48869706435025e-05
"Et_4A_032968",727.365780664909,2.38695936843061,0.468557885471246,5.09426784276602,3.50091536191833e-07,4.50330510992047e-05
"Et_8A_056722",23.8417340450468,-1.94169336742833,0.381581664024723,-5.08853949361289,3.60831642713297e-07,4.62739246049295e-05
"Et_3A_027169",45.734744548107,-1.1160894184182,0.219541615416562,-5.08372600019595,3.70101733347024e-07,4.73193515264232e-05
"Et_2A_018829",87.1915891166843,-1.94029659050955,0.381834271536546,-5.08151503190525,3.74436375976587e-07,4.76399136031834e-05
"Et_2B_021532",180.312639851742,1.78300557372305,0.35089554690256,5.08130008904949,3.74860378777412e-07,4.76399136031834e-05
"Et_1B_010155",32.7653246048538,4.00068314388541,0.787868693636444,5.07785520125197,3.81719424172827e-07,4.8221988152221e-05
"Et_1A_007531",204.166643111812,1.7016369734478,0.335955754369701,5.06506273911069,4.08265868412834e-07,5.12694704784307e-05
"Et_10A_001990",117.426979601776,-1.03643768787508,0.204680217442777,-5.06369252888275,4.1121268334405e-07,5.14371028768523e-05
"Et_5A_042303",255.26305663759,-1.19678405372769,0.236363810273318,-5.0633134249435,4.12031613309379e-07,5.14371028768523e-05
"Et_2B_022198",49.5932929135676,-1.26955362514981,0.251258653341501,-5.05277572838173,4.35435086850556e-07,5.41988613985751e-05
"Et_9A_063574",49.0403428084241,1.31464070023143,0.260295839644912,5.05056362800429,4.40508345775186e-07,5.4669540156029e-05
"Et_2A_018833",155.317273599208,-1.19748637282586,0.237227208415639,-5.04784582183247,4.46819493610048e-07,5.51905295459654e-05
"Et_9A_061602",52.9278503900062,-2.08098132926187,0.412268648148951,-5.0476342030986,4.47314547123491e-07,5.51905295459654e-05
"Et_5A_040920",20.0235518953739,-1.6263855149335,0.322285789045264,-5.04640778531217,4.50194021681829e-07,5.529734778492e-05
"Et_9B_065758",376.186639975453,-1.01402232940256,0.200949566013629,-5.04615336832221,4.50793596072718e-07,5.529734778492e-05
"Et_1B_014448",439.769132966731,-1.211905426364,0.240451164073666,-5.04013125090431,4.65212683953914e-07,5.67371780545522e-05
"Et_4B_038926",64.2272888146594,-1.09477149887371,0.217450032806396,-5.03458879607724,4.78875662961612e-07,5.80688196462333e-05
"Et_6A_046706",15.7001101741296,-1.51449502101996,0.301029836341129,-5.03104622262003,4.87810512549361e-07,5.84819855271642e-05
"Et_7B_055861",26.4637351372164,-1.57357835198825,0.312756818392003,-5.0313158960965,4.87124744305498e-07,5.84819855271642e-05
"Et_9B_064754",242.413739719016,-1.582258707596,0.314920601730625,-5.02430993368108,5.05245881635116e-07,6.04011460757008e-05
"Et_8B_060608",213.904620786968,-1.20791045334142,0.240569269466652,-5.0210505108129,5.13896421816286e-07,6.12622438627189e-05
"Et_6B_049549",73.9450390733279,1.14341508492585,0.227907932269182,5.01700433829291,5.24833830908455e-07,6.22155958656745e-05
"Et_2B_020043",169.752287104232,-1.8677356846052,0.372474934280751,-5.01439295025797,5.32011620780144e-07,6.27151303382053e-05
"Et_10A_001911",829.14689663184,-2.32767017002111,0.464580799205695,-5.01025908518128,5.43568064176834e-07,6.33713511734534e-05
"Et_2A_017462",625.739845509371,-1.51106446814646,0.30154878342855,-5.01101165445258,5.41446350420318e-07,6.33713511734534e-05
"Et_1A_006912",24.4475662091929,-1.49428578322702,0.298443549201022,-5.00692940835024,5.53051981199309e-07,6.4123725600972e-05
"Et_4B_036740",486.258791630507,-1.14400192618052,0.228528805667384,-5.00594191108483,5.55895208055738e-07,6.42772819806526e-05
"Et_1A_005096",41.0736986618471,-1.46449080743564,0.292630586297192,-5.00457189375386,5.59863144399435e-07,6.43842616059351e-05
"Et_Un_068238",45.4840509191289,-2.25625382492069,0.450810398531338,-5.00488416476455,5.58956328534148e-07,6.43842616059351e-05
"Et_2B_020518",1514.68513552138,-1.11440050756089,0.222764064054927,-5.00260449228522,5.65609060158717e-07,6.48687680919157e-05
"Et_7B_055577",10.016438646205,3.26049988249972,0.652351122319255,4.99807507176183,5.79054429601954e-07,6.60527856085032e-05
"Et_6B_049973",190.394740620623,-1.06890628386633,0.213936577836432,-4.99636992736966,5.84195470400862e-07,6.64600868477539e-05
"Et_1A_008706",377.500571152517,-1.26481036282853,0.253452301325995,-4.99032897397806,6.02765483384858e-07,6.78431788745936e-05
"Et_5B_044462",152.423958726234,-1.81896389094306,0.365562988259003,-4.97578789254867,6.49827739249965e-07,7.27532008599431e-05
"Et_10A_000206",83.2251943605153,1.26169902292389,0.253676638209019,4.97365083293285,6.57036075928716e-07,7.33661391380033e-05
"Et_3B_029145",13.4782804794912,2.0179456251574,0.406290304391721,4.96675801353068,6.80814540632185e-07,7.5622234539512e-05
"Et_8B_059164",21.7273673884771,2.45009248704666,0.49337484017405,4.9659858743148,6.83529302491944e-07,7.57250263912541e-05
"Et_1B_012594",60.3444435003189,-1.17287784559135,0.236556620020378,-4.95812734173457,7.11759069588945e-07,7.82675087816228e-05
"Et_8B_059359",61.7033072459231,-1.53497327333953,0.310128978608208,-4.94946741264928,7.44168358221865e-07,8.15886137822522e-05
"Et_3A_026565",783.859586292451,-1.87679088390452,0.379378874913287,-4.9470094620674,7.53623145529762e-07,8.24117093509549e-05
"Et_8A_056869",127.463161809188,1.33819699164161,0.270618452814149,4.94495840075118,7.61601260525865e-07,8.30694983130273e-05
"Et_4A_031931",240.230612614546,-1.37353932385111,0.27812207204109,-4.9386203467094,7.86772173679e-07,8.53748676669109e-05
"Et_3A_024245",398.099073564004,-1.69341451790826,0.34315151241817,-4.93488869093091,8.01964830692996e-07,8.68008993220655e-05
"Et_4B_037750",903.374789930894,-1.06336491421855,0.215630251859842,-4.93142731618999,8.16309418934112e-07,8.81280984930909e-05
"Et_5B_044456",673.457903586104,1.10386615969206,0.223892020028063,4.93035061970361,8.20821619066745e-07,8.83897478852535e-05
"Et_10A_001170",91.0967597993051,1.79433095849749,0.364102984789914,4.92808637515787,8.3038907998712e-07,8.89589542606546e-05
"Et_7B_053662",54.7980329012271,-1.2270520588835,0.249015637291572,-4.92761045944576,8.32413655180038e-07,8.89589542606546e-05
"Et_2A_015915",350.65551105074,-1.66312661888931,0.337581224076924,-4.92659692030246,8.36741168665504e-07,8.91961870476678e-05
"Et_8A_056991",74.8869087871931,2.0762397983273,0.421494884277483,4.92589560579446,8.39748249313435e-07,8.92918238968456e-05
"Et_8A_056078",23.1609843974971,-1.72372403772542,0.35005166309611,-4.92419896674555,8.47066167397563e-07,8.98442110382578e-05
"Et_1A_009508",61.1875903948108,1.49532480931723,0.304091679625447,4.91734864682598,8.77242336818161e-07,9.28122392353614e-05
"Et_1B_013841",203.967048325214,-1.23855174495091,0.252003814445311,-4.91481348279233,8.88670231107049e-07,9.37868433427688e-05
"Et_6A_046496",205.666337665069,-1.90222316746317,0.387773042257008,-4.90550646943223,9.31865689324883e-07,9.76048378524782e-05
"Et_9B_064428",23.3199462626112,4.21641479594573,0.859479554305951,4.90577672827899,9.30583352010336e-07,9.76048378524782e-05
"Et_9B_063876",195.050128264693,-1.17519535096614,0.239528352634293,-4.90628912210822,9.28156783377331e-07,9.76048378524782e-05
"Et_2A_018529",650.836944684099,-1.17802693748658,0.240461222802292,-4.89903080321253,9.63105462063777e-07,0.00010014403723474
"Et_5A_040672",1544.21202525713,-1.33414525957619,0.272417724076365,-4.89742458608236,9.71008808018677e-07,0.000100718364596447
"Et_4B_036893",86.7317696559228,1.96698425167127,0.401695723080763,4.89670200266433,9.74584586260746e-07,0.000100842101932897
"Et_4B_039271",185.170939881054,-1.04182634272277,0.212938570782237,-4.89261451739618,9.95051822554449e-07,0.000102708763732937
"Et_9A_062048",266.319159506445,1.54722027069464,0.31635767646318,4.89073092201295,1.004622212821e-06,0.000103444311548868
"Et_5A_041787",312.194608687558,-1.7285557762048,0.353566760244414,-4.88890916954377,1.01396263326201e-06,0.000104152666601088
"Et_5A_042831",5.86057590957138,-2.96324009732659,0.606389096568571,-4.8866975248977,1.02541446291827e-06,0.000105073946902424
"Et_10A_000524",47.3364397897229,2.52899370882837,0.518074704326061,4.88152323923673,1.0526951462519e-06,0.000106834672876212
"Et_2A_016561",25.1852709136087,-1.71315852494485,0.350943770503399,-4.88157553697982,1.05241595132222e-06,0.000106834672876212
"Et_2A_018483",40.5559328198018,-1.32733393477641,0.271906050580865,-4.88159028436797,1.05233723430655e-06,0.000106834672876212
"Et_2A_017512",50.36565114942,-1.64153422182512,0.336218312055327,-4.88234627016684,1.04830959698532e-06,0.000106834672876212
"Et_10A_000115",19.2134784472421,-2.0959887017089,0.429822691079624,-4.87640309645873,1.08037723651799e-06,0.00010936157677244
"Et_2A_016308",312.663065623735,-2.19492797454479,0.450195705357438,-4.8754973635346,1.08534646135219e-06,0.00010936157677244
"Et_2B_021282",31.5121756351232,1.417859913118,0.290800277819227,4.87571718896154,1.08413839076183e-06,0.00010936157677244
"Et_1B_012932",26.8407523091014,-1.51864214974035,0.3115341129433,-4.87472185756025,1.08961868018764e-06,0.000109531264953779
"Et_4B_037555",35.9684247969633,-1.47397319851601,0.302403561373494,-4.87419259158632,1.09254366318162e-06,0.000109565042241342
"Et_3A_023035",135.394000563059,-1.08647112783395,0.22299083257413,-4.8722681344883,1.10324297615229e-06,0.0001103764604037
"Et_6A_047179",202.652305922153,-2.09945858383526,0.431234709684466,-4.86848237557556,1.12458550161444e-06,0.000111982255125466
"Et_4B_039480",1514.23369118341,-1.02765891009599,0.211584475501988,-4.85696744838133,1.19197180212206e-06,0.000118413724567619
"Et_2B_022230",402.472358991476,-1.09548147869187,0.225660329437261,-4.85455942311048,1.20654687030651e-06,0.000119580945085179
"Et_9B_064186",19.8897454244094,-2.29201896822322,0.472318997719551,-4.85269273370231,1.21796321322229e-06,0.000120149657770553
"Et_1A_008994",32.9428471477094,-1.11615649457458,0.230104716500987,-4.85064587787271,1.23060086365032e-06,0.000120553306827967
"Et_1B_011250",169.710102516125,-1.17668722074122,0.242570572413227,-4.85090672390672,1.22898336816729e-06,0.000120553306827967
"Et_3A_024347",550.59926272969,1.76591626548648,0.36405165928215,4.85072989083082,1.23007967931673e-06,0.000120553306827967
"Et_7A_053099",242.277548731888,-1.03580736006719,0.213638826435839,-4.84840409090276,1.24458678122348e-06,0.000121361549726677
"Et_8A_057982",26.2451931087717,-1.62093844119496,0.334458133618801,-4.84646142001866,1.25683014863165e-06,0.000122273682505958
"Et_2B_022721",49.3257231745753,-1.10128778334704,0.227359594365297,-4.84381486702344,1.27369618616364e-06,0.000123347420133742
"Et_2B_021887",559.498880361421,-1.89717152846261,0.391887433367957,-4.84111345994931,1.29113623502126e-06,0.000124750880059589
"Et_5B_043572",26.3363688591418,3.54675267998647,0.735363852757066,4.82312622069849,1.41325474561657e-06,0.000136239045181078
"Et_3B_029062",209.094586109386,-1.16345742933439,0.241716280019825,-4.81331844606812,1.48444460730934e-06,0.000142776581321208
"Et_6A_047636",7.65366622386424,-3.8925649210041,0.809154134746667,-4.81065937112562,1.50433198812264e-06,0.000143709547939842
"Et_4A_032628",854.614785972206,1.35228636588997,0.281305012786479,4.80718900987523,1.5306726300931e-06,0.000145896544381847
"Et_4A_032308",1347.70282543363,1.05581853336082,0.219684744463798,4.80606214117344,1.53932071924324e-06,0.000146391129973874
"Et_8B_058591",127.672433788156,-1.42933762915856,0.297556123740223,-4.80359002930962,1.55845766435166e-06,0.000147218590078934
"Et_3A_027382",751.976474369136,-1.80170790653113,0.375196135963729,-4.80204280863199,1.57055105213941e-06,0.000148030557965567
"Et_2B_020799",51.4945642416075,-1.33944990964626,0.278999360724488,-4.80090673386513,1.57948822706955e-06,0.000148542092821296
"Et_9B_065875",226.823733976636,-1.37041439808112,0.285764953491307,-4.79559995492174,1.62188670730946e-06,0.00015185452533924
"Et_1A_008279",96.2390569688811,-1.17383922692773,0.245429492549299,-4.78279612908356,1.72873437128061e-06,0.000159738075529684
"Et_3A_026986",168.715591437724,-1.63199711366055,0.34121247726897,-4.7829350401336,1.72753967004242e-06,0.000159738075529684
"Et_4B_037183",127.451117250972,-1.62575540204073,0.339912129942466,-4.78286962667649,1.72810215806872e-06,0.000159738075529684
"Et_5B_045624",24.2116860248924,-3.27939164046523,0.685503761572984,-4.78391487296906,1.71913515030417e-06,0.000159738075529684
"Et_7A_053073",154.682353319821,-1.00145071547416,0.209385600003136,-4.78280605475811,1.72864897941447e-06,0.000159738075529684
"Et_10A_000255",3555.04098749064,-1.14210869637431,0.238986315361423,-4.77897110822884,1.76194507952729e-06,0.000162098947316511
"Et_3B_030246",45.4374577327013,-2.0433543245735,0.427541911030252,-4.7793076464705,1.75899866439109e-06,0.000162098947316511
"Et_6A_046811",856.179703931171,-1.40971594206033,0.295398500648295,-4.77225151436619,1.82177801371484e-06,0.000166517592959853
"Et_1B_013222",12.6262290908121,-5.52930282310423,1.15922864350274,-4.76981211091958,1.84397831461784e-06,0.000168183539384972
"Et_1A_006507",20.6473106843535,-1.47806149510037,0.309960729990469,-4.76854437381734,1.85561803720889e-06,0.000168881194268129
"Et_2B_019785",197.458626971422,-1.1853009167109,0.248797721402397,-4.76411484007863,1.89684458146445e-06,0.00017189392438453
"Et_3A_026244",240.203014827808,-1.31037545189576,0.275202029660593,-4.76150358887921,1.92155880803887e-06,0.000173022061183415
"Et_6A_046900",46.8564393806666,2.25337433305039,0.473304393280459,4.7609410878955,1.92692295851033e-06,0.000173136687057659
"Et_10B_003840",7.88098954879977,-3.52681478536895,0.741403303943641,-4.75694506162741,1.96544630455378e-06,0.00017585134800997
"Et_4A_034390",64.1076994718316,-1.21885987356536,0.25628118072638,-4.75594762795588,1.97517674886407e-06,0.000176349113949214
"Et_3B_028572",165.825406909184,2.49414740790029,0.525124740086907,4.74962845492198,2.03790716228299e-06,0.0001808055159493
"Et_1A_006634",417.826274304655,-1.20754744584205,0.254715723012983,-4.74076524039508,2.12912519308087e-06,0.000188109766536915
"Et_4B_036428",81.1806258180272,-1.42013556079258,0.299602757048727,-4.74006172300213,2.13653124120241e-06,0.000188257603005666
"Et_9A_063271",89.5117294439013,1.23025036911154,0.259559531158594,4.7397618712751,2.13969534607102e-06,0.000188257603005666
"Et_10A_001188",250.702849355398,-1.18789148495115,0.250824419212247,-4.73594831269582,2.18033155557493e-06,0.00019143491998326
"Et_1A_008781",567.977005270387,-1.10243105719813,0.233236475897415,-4.72666658573169,2.28235559882878e-06,0.00019833529556968
"Et_9B_065634",35.0534371494286,-1.21335077763273,0.256687922681075,-4.72694922674751,2.27918225742535e-06,0.00019833529556968
"Et_3B_031172",33.2385590689651,-1.44833311514586,0.306943258373187,-4.71856955849784,2.37508760301644e-06,0.000205549503802977
"Et_2B_022045",63.5748078173069,1.48413631862707,0.314715403561625,4.71580450728228,2.40757519987371e-06,0.000207090614753364
"Et_4A_031974",22.5785901193445,-1.88763636698144,0.400218569312534,-4.71651370455869,2.3992021370264e-06,0.000207090614753364
"Et_1B_014202",17.7156458646087,-1.98493795209308,0.421438173125434,-4.70991494997368,2.47820183103374e-06,0.000212302634593822
"Et_7A_050885",11.3880975099856,-2.75972085888104,0.586292559533668,-4.70707126332303,2.51301076222875e-06,0.000214849728197011
"Et_7A_051029",378.493436845563,-1.10714235214777,0.235229102476717,-4.70665551367034,2.5181390194699e-06,0.000214854119564448
"Et_8A_058493",7.52389647948887,3.00158577997354,0.637795251029417,4.70619023131468,2.52389017287877e-06,0.000214911533433058
"Et_3A_027201",113.569974465476,-1.25085848912456,0.265919171299355,-4.70390488588135,2.55232187311273e-06,0.000216896107771347
"Et_1B_011426",173.101109189372,-1.88046556711877,0.399976916166504,-4.70143523566736,2.58339204476028e-06,0.00021865830266851
"Et_7A_052674",1153.97184439087,-2.52085682939572,0.536578537755397,-4.69802023752369,2.62695407925717e-06,0.000221459555048134
"Et_2A_016234",59.6228507282514,1.15452898316948,0.245849078117681,4.6960883156814,2.65190918206853e-06,0.000223118879890935
"Et_2B_020742",41.5609621822259,1.77810074417717,0.378950083189997,4.6921766825043,2.7031352035704e-06,0.000226528082802177
"Et_6A_047122",363.664231238552,-1.04500545061286,0.222928752465253,-4.68762077146484,2.76399591582194e-06,0.000230714609778273
"Et_10B_003950",312.699520063695,-1.32509835429683,0.282916634197834,-4.68370606081168,2.81733947170282e-06,0.000234243234661028
"Et_1B_014250",411.039548422439,-1.28527639613551,0.274513095608378,-4.68202215740224,2.84058768082863e-06,0.000235251801668626
"Et_3A_024539",82.1229511481945,-1.19804601783786,0.255868047195112,-4.68228069495636,2.83700635184419e-06,0.000235251801668626
"Et_6A_045988",109.189019111148,-1.54925623120166,0.331308543248141,-4.67617350284056,2.92277346772239e-06,0.000241585494441428
"Et_1A_007903",236.755051773129,-1.73076215595457,0.370222532307755,-4.6749238766371,2.94062674793817e-06,0.000242308163965401
"Et_3A_027262",1273.85347676633,-1.01301559891476,0.217097879224351,-4.66616994387081,3.06865929438145e-06,0.00025167763825237
"Et_4B_037247",216.965059505216,1.19104462843615,0.25527790953694,4.66567839965721,3.07600482345713e-06,0.000251792116303106
"Et_6A_046514",117.658450735375,-1.5201804347313,0.326006389363603,-4.66303877570878,3.11574017176781e-06,0.000254061896087117
"Et_8B_058581",48.1254307071026,-1.71884342507573,0.368675413632435,-4.66221332239258,3.12826679688127e-06,0.000254592790084645
"Et_10A_000361",31.7911971903453,-1.47630134660843,0.317117507110879,-4.65537636208855,3.23389422483424e-06,0.000261679547982763
"Et_3A_024126",179.91676515304,1.56477700106049,0.336751488509841,4.64668176519364,3.37316921183541e-06,0.000271909563894999
"Et_1B_011554",54.9959015553457,-1.36390567927625,0.293800956554776,-4.64227787162416,3.44589008730479e-06,0.000276717397523223
"Et_8A_058185",46.3682442455016,-1.25681852465858,0.270806068303733,-4.6410279227899,3.46680269783318e-06,0.00027786948896269
"Et_7A_051905",145.90717182467,-1.04469880528823,0.225318965769317,-4.63653293330754,3.54301766609294e-06,0.000283441413287435
"Et_2A_017256",109.555273013397,-1.00571215677908,0.217043116882352,-4.63369754003406,3.59191681965859e-06,0.000286811169448965
"Et_10A_002003",57.0872151997883,-1.50444282364861,0.324791819263008,-4.63202191195078,3.62111817281067e-06,0.000287515424152622
"Et_3A_024571",1964.01047804002,-1.75480767856456,0.37881500341478,-4.63236055263404,3.6151983540617e-06,0.000287515424152622
"Et_3A_026893",26.7129535592563,-1.35947212622207,0.293571254366485,-4.63080804404968,3.64241440118488e-06,0.000288664751794277
"Et_9B_065526",393.835345685553,1.0959861178577,0.236850992806027,4.62732330092144,3.70422033492619e-06,0.000293014214157152
"Et_5A_041296",14.9006130098193,-1.70256820079564,0.368073722064869,-4.62561736611988,3.73484240634782e-06,0.000294336183680893
"Et_6B_048566",41.2277233665892,2.20968490826051,0.477836607973835,4.62435249076082,3.75770383969249e-06,0.000295587409843469
"Et_3A_024255",270.228361397569,-1.36724905656971,0.295786855544951,-4.62241316995213,3.7930159443558e-06,0.000295617743582205
"Et_4A_034495",1307.14883850042,-1.54657864480273,0.334518148606793,-4.62330265560762,3.77678044216792e-06,0.000295617743582205
"Et_7B_055695",18.8094306960001,1.42604310317973,0.30847486200531,4.6228827007472,3.78443742753328e-06,0.000295617743582205
"Et_3A_023697",58.7605639041166,-1.69561844076175,0.36715713566113,-4.61823637911461,3.87015245318348e-06,0.000298157520543818
"Et_9A_061945",99.6547062250858,-1.06014931318043,0.229559888836776,-4.61818185464545,3.87116927895007e-06,0.000298157520543818
"Et_10B_003930",295.477155373219,-2.1498822448594,0.465814551332784,-4.61531791720155,3.92494025268527e-06,0.000299825760818846
"Et_1A_009382",76.7034777438863,-1.21797883729018,0.263991936493216,-4.61369712071293,3.95568746376122e-06,0.000301630078317793
"Et_4A_034748",361.838894115232,-1.26424769424137,0.274397543197417,-4.60735792132001,4.07817675330705e-06,0.000308744973524069
"Et_9B_063777",69.9803714072582,-1.24996116866236,0.271543223307557,-4.60317570601502,4.16096894915115e-06,0.000313889850139174
"Et_8A_056047",190.189089677442,-1.47164507902907,0.319947372425007,-4.59964733535672,4.23206784965974e-06,0.000318119203192896
"Et_10A_000472",1201.96527696908,-1.12780727210258,0.245313358171956,-4.59741483507811,4.27765388726777e-06,0.000320975731399241
"Et_10B_003920",16.5661742469487,-2.0243777561859,0.440459005130758,-4.59606395284148,4.30546601279278e-06,0.000321921063005991
"Et_5A_041336",226.054753454658,-1.42196019811329,0.309384731331962,-4.59609041464802,4.30491955400316e-06,0.000321921063005991
"Et_6A_046371",35.1702405629959,1.59041677594455,0.346229183759763,4.59353760614265,4.3579444160718e-06,0.00032527020756289
"Et_3A_023138",26.8178449671854,-1.28257411612675,0.279241451839206,-4.59306491811713,4.36783112652111e-06,0.000325434178299953
"Et_7B_054828",55.3507183026531,-1.44800429397008,0.315399332176596,-4.5910188965122,4.41087394921643e-06,0.000328063594957539
"Et_1A_006153",127.192194610661,-1.05927426650404,0.230854487787069,-4.58849328275164,4.46456670892697e-06,0.000330893980948843
"Et_4A_035154",93.3056202128224,-1.01875356142281,0.222120146912127,-4.5864977832283,4.50743186594424e-06,0.000333486917074756
"Et_8A_056608",366.829014954504,1.07843759443471,0.235174046066956,4.58569987832617,4.5246817019235e-06,0.000334178934773826
"Et_3A_024256",3873.82753924848,-1.12665364593554,0.245808001624442,-4.58347018197113,4.5732212463777e-06,0.000335828124371095
"Et_6A_047324",97.0665908818211,-1.76742732384718,0.38560109202306,-4.58356410396651,4.57116657928703e-06,0.000335828124371095
"Et_8A_057570",32.4248754030188,-1.35264719767962,0.295130482611628,-4.58321751690967,4.57875301895373e-06,0.000335828124371095
"Et_10A_001191",45.1031469048225,-1.00499287880258,0.219365309092987,-4.58136650210527,4.61947451297081e-06,0.000337062347222284
"Et_7B_055515",10.0394236632394,-1.91521262751772,0.41814940684095,-4.58021127421137,4.64506458673853e-06,0.000337958021151856
"Et_3B_027882",46.0617337214645,-1.03962199559312,0.227030615047023,-4.57921498991576,4.66724281770352e-06,0.000338681855308496
"Et_9B_065404",972.075227846411,-1.70883731536172,0.373196048909068,-4.5789265999922,4.67368155718718e-06,0.000338681855308496
"Et_6B_050112",29.3583851018911,-1.11217075015683,0.242926340598775,-4.57822213686465,4.68944555478614e-06,0.000339243309194102
"Et_1B_013175",38.5033510476765,2.62211535827507,0.572867942525803,4.57717243997637,4.71302947974068e-06,0.000339757143302828
"Et_4A_035547",20.3709288980735,-1.60743272896745,0.35123783463118,-4.57647944064839,4.72866156439901e-06,0.000339757143302828
"Et_7B_055042",5.90009231182758,-2.38375787237594,0.520808612622651,-4.5770323581478,4.71618532855775e-06,0.000339757143302828
"Et_2A_016462",2257.05862941256,-1.25079179830416,0.273770494451751,-4.56876041667301,4.90617211606645e-06,0.000350133564843056
"Et_7B_055138",243.082048355013,-1.07958523456696,0.236286136238583,-4.56897409112855,4.90117358744595e-06,0.000350133564843056
"Et_2B_021290",80.9157916781297,2.43219516164353,0.532709953284215,4.56570249278953,4.97824382485102e-06,0.000354678920315986
"Et_4B_037126",14.2581257075363,-2.86446720054393,0.627889266877626,-4.5620579163399,5.0654669137909e-06,0.000360286655111985
"Et_2B_021963",34.9643695099474,-1.15791456729204,0.253866995160171,-4.56110715204031,5.0884604525124e-06,0.000361314842869673
"Et_1B_013846",54.5870297630634,-1.49214889168621,0.327273290877878,-4.55933598395296,5.13156164581103e-06,0.000362540750669674
"Et_2A_017580",12.250739655903,-1.90095083276172,0.416935149556586,-4.55934414448722,5.13136226075018e-06,0.000362540750669674
"Et_7B_055821",109.591355012858,-1.40697326086945,0.308749906422878,-4.55699979692431,5.188947427645e-06,0.000365384783923355
"Et_9B_065413",9.91599635657253,-2.15813514766969,0.473663789470644,-4.55625951496435,5.20725946472395e-06,0.000366043553685752
"Et_2B_021917",62.2932893747721,-1.60664928075677,0.352745097328299,-4.55470336207526,5.24595531277176e-06,0.000367564286153147
"Et_7A_050722",53.4800421323211,-1.83186335838219,0.402543137968408,-4.55072558838641,5.34612343059677e-06,0.000373346441555867
"Et_7B_054552",29.5299685648997,-1.20920229658173,0.266257071913101,-4.54148424262843,5.5859561688663e-06,0.000388811949122404
"Et_9A_062634",28.906150540248,-2.37640210589493,0.523374282233804,-4.54054046322691,5.61102086966966e-06,0.000389915276197734
"Et_10B_002627",10.6842538584042,-2.17026448606751,0.478151436874766,-4.53886429841668,5.65580173702628e-06,0.000392382835263856
"Et_Un_067721",68.157905491564,-2.19638723972804,0.484221232509883,-4.53591683359983,5.73537794379796e-06,0.000396603259120146
"Et_9A_062672",94.1736866932035,-1.19849483515612,0.264319394777244,-4.53426747653595,5.78037407665063e-06,0.000399062693187365
"Et_2A_015233",39.7002704781586,1.88291083248351,0.41537420047272,4.53304714240954,5.81388330299393e-06,0.000400722380102123
"Et_1B_011864",46.4537506039012,-1.32125231742769,0.291576643105414,-4.53140657411992,5.85922485837074e-06,0.000402671788570315
"Et_6A_047794",305.493948468542,-1.21726766225073,0.268633310419503,-4.53133552331922,5.8611961663354e-06,0.000402671788570315
"Et_1A_007059",261.148071147237,-1.03369724133769,0.228187968791199,-4.53002516659221,5.89766608662205e-06,0.000404520630122926
"Et_2B_022157",69.4860854538538,-2.54215475895975,0.562020626614044,-4.52324103169531,6.08998206829756e-06,0.000415690388919924
"Et_2B_021935",10.4922273879569,3.48694142616308,0.771453549270877,4.51996290568459,6.18504676247107e-06,0.000418986331734003
"Et_4A_033474",736.192484142434,1.71937426424274,0.380384900905361,4.520090729549,6.18131344970463e-06,0.000418986331734003
"Et_5A_042829",18.8943028551576,-1.271060275707,0.281226175697821,-4.51970828303253,6.19248987961545e-06,0.000418986331734003
"Et_9A_061065",35.5881397350678,-1.08390303000925,0.239881499149524,-4.51849364728887,6.22811417518774e-06,0.000419703490276983
"Et_4A_033162",38.0158074185402,1.61199036851753,0.356918298253134,4.51641279364802,6.28960015147166e-06,0.000423173097631607
"Et_3B_028968",1941.38461283946,-1.04952731834045,0.232433581681207,-4.51538590400386,6.32015676253628e-06,0.000424554022524659
"Et_10B_002781",25.9708131635893,-1.34505480845185,0.298292478940542,-4.50918110047274,6.50783384047417e-06,0.000435777734381118
"Et_2A_017415",67.9441305714748,1.13810779413937,0.252449023018196,4.50826777038999,6.53590559608642e-06,0.00043627685303845
"Et_1B_011199",20.4326464599468,-1.3715825713008,0.304331724698508,-4.50686688237838,6.5791879713165e-06,0.000438474385741912
"Et_4B_039959",58.5685348587468,-1.18013198412729,0.262162251595749,-4.50153283679849,6.74651394603092e-06,0.000448214238926262
"Et_4B_039143",31.2567164277581,-1.66622745325699,0.370670416398984,-4.49517247544106,6.95135790452696e-06,0.000460377881877278
"Et_3A_026796",20.9987531335871,-1.49317482449078,0.332497780365821,-4.49078133047371,7.09623762741088e-06,0.000468356829837585
"Et_5A_042791",22.1461976331485,1.52531472717412,0.339674601274156,4.49051745833366,7.10503508402007e-06,0.000468356829837585
"Et_5B_044858",479.097595240728,-1.58622825405583,0.353317612091234,-4.48952500461888,7.13821682518141e-06,0.000469812342211007
"Et_3B_029276",152.642746016163,-1.5346205473845,0.34204794978638,-4.48656554831835,7.238045609169e-06,0.000475642997173963
"Et_2A_017494",140.0580935712,-1.08881312954285,0.242702671220354,-4.4862016724748,7.25041169611712e-06,0.000475716934852212
"Et_7B_055564",32.5573185888575,-1.41560102036487,0.315603087294312,-4.48538394380398,7.27827544396545e-06,0.000476805908341514
"Et_9A_061552",144.907057344667,2.1636850414953,0.482719524038041,4.48228201626414,7.38490614511768e-06,0.000482298191452747
"Et_7B_055578",10.2350113565886,3.16856342011008,0.707094158823799,4.48110535290061,7.42574418267682e-06,0.000484218018198587
"Et_2A_014976",145.439211534163,-1.40017478456906,0.312501644563915,-4.48053573133337,7.44559132517739e-06,0.000484765269048472
"Et_5B_043567",259.729799593409,1.88801735875846,0.421811311017559,4.47597612829275,7.60629838319237e-06,0.000493709428798622
"Et_3B_029727",60.363004451809,-1.10079782920154,0.245955073180754,-4.47560530045484,7.61951335853381e-06,0.000493809809085989
"Et_3B_030278",24.6798388966624,-1.57931857436647,0.353124573102489,-4.47241198903509,7.73422357020979e-06,0.000499713498459967
"Et_4B_037444",123.284001660832,1.12499563360682,0.251588555791959,4.47156918590957,7.76477305960812e-06,0.00050092255469911
"Et_9B_064961",141.300052546636,-1.26849521229933,0.283818895713377,-4.46938252335515,7.84457295854235e-06,0.000505300346431526
"Et_10A_001922",48.0785350341352,1.00861038786057,0.225802888135753,4.46677363689961,7.94080738944104e-06,0.000509174195032037
"Et_1A_006941",102.692617308621,-2.61044653958895,0.584375442828834,-4.46707090727897,7.92978521836578e-06,0.000509174195032037
"Et_9B_064496",282.072047349028,1.19654242581193,0.267899034199662,4.46639320438967,7.95493440700687e-06,0.000509308357192936
"Et_4A_035340",25.3277163379177,-1.80932216024674,0.405334547238474,-4.46377485603823,8.05281816533221e-06,0.000514796472442386
"Et_2A_016897",17.3144757360943,1.27839460210946,0.286432795940869,4.46315722300657,8.07607488632685e-06,0.000514882604575305
"Et_3B_029289",500.651098460465,1.54272716895987,0.34566323902752,4.46309296094122,8.07849833265601e-06,0.000514882604575305
"Et_2A_017382",560.306621977621,-1.73821502123261,0.389707298095747,-4.46030913387091,8.18415172123352e-06,0.000520832031342259
"Et_5B_045568",59.9926264267097,-1.61115786006579,0.36124731785281,-4.45998566755382,8.19651340387606e-06,0.000520835506384437
"Et_3B_030948",14.079212678093,-1.62401240397623,0.36420662906415,-4.45904130891088,8.23270548584148e-06,0.000522350968756839
"Et_6A_046388",37.7376947276935,-1.82701275865869,0.410045517319889,-4.45563402473043,8.36456200300895e-06,0.000529130439413062
"Et_3B_030865",79.0287736511011,1.0483227440306,0.235321457192732,4.45485403896684,8.39502888874396e-06,0.000530202032597392
"Et_3B_027958",11.4511310836682,-1.81593858859137,0.407658391484775,-4.45455956880306,8.40655869264768e-06,0.000530202032597392
"Et_2A_018793",77.1064733091426,-1.52656514619911,0.342839046944467,-4.45271668966689,8.47906000579869e-06,0.000533978897984227
"Et_4B_037436",34.8284260530262,-2.06975901965646,0.465270619194694,-4.44850573895868,8.6469739236643e-06,0.000543405383924507
"Et_Un_066930",42.5109752023845,-2.20558634269079,0.495824487999264,-4.44832071846776,8.65442412015873e-06,0.000543405383924507
"Et_10B_003773",77.2061455971371,-1.20882896683814,0.271964050035407,-4.44481160903716,8.79689188952579e-06,0.000549248576608661
"Et_1B_012876",11.1642335811333,-1.66715623918771,0.375111079127394,-4.44443348105301,8.81237673717583e-06,0.000549248576608661
"Et_2B_019411",124.512419170418,-1.28102927491108,0.288207468516228,-4.44481637310156,8.79669696066671e-06,0.000549248576608661
"Et_5B_045555",285.262615582896,-1.12783461128755,0.253752295448938,-4.44462821229731,8.80439898167745e-06,0.000549248576608661
"Et_2A_016113",45.7183389368327,-1.22257864215988,0.275503676240089,-4.4376128073676,9.09620531625718e-06,0.000562794457578953
"Et_7B_054327",44.0448186417121,-2.23532814430713,0.503690579594566,-4.43789944633549,9.08410359443405e-06,0.000562794457578953
"Et_5A_040759",38.9522323427146,2.64986110579602,0.597578588436647,4.43433074255294,9.23587462322438e-06,0.000568940631812017
"Et_9B_064604",326.734390853243,1.60210555265985,0.361616402290111,4.43040067462023,9.40581625389414e-06,0.00057856706957093
"Et_10A_002034",35.6700016848903,-1.30281512582581,0.294191720513411,-4.42845612225997,9.49100215772066e-06,0.000582114799006867
"Et_1A_009559",56.6344900138155,-1.13840974925779,0.257312598822319,-4.42422856272145,9.67875091461269e-06,0.000591914362292499
"Et_5A_040620",391.520271308902,-1.21142431534578,0.273842487733961,-4.4237997009532,9.69799393076825e-06,0.000592036019528696
"Et_7A_051990",283.360645618707,-1.3449140262511,0.304034242826343,-4.42356102308935,9.70871922384015e-06,0.000592036019528696
"Et_9B_064347",80.9759276309295,-1.44605206217956,0.32692414885493,-4.42320356952656,9.72480304733374e-06,0.000592163546709589
"Et_3A_027261",78.403173487354,-1.94974440992232,0.440882193686654,-4.42237050586818,9.76238605154402e-06,0.00059274630947108
"Et_7B_054974",636.299889442676,2.46322798958375,0.556968936996972,4.42255900816448,9.7538697949359e-06,0.00059274630947108
"Et_4B_036887",693.594105190819,-1.31674503481434,0.298133445842543,-4.41662971121251,1.00251751204487e-05,0.000607830101858723
"Et_9A_062039",247.809970366834,-1.12373071904093,0.254608911620985,-4.41355611587441,1.01686344766858e-05,0.000615646081621376
"Et_10A_001676",12.1688730178282,-2.37680342228005,0.538850198019247,-4.4108797417481,1.02951486231909e-05,0.000620642008167291
"Et_10A_000020",30.6905077556435,1.17815664006625,0.267195783905352,4.40933843658098,1.03686878903722e-05,0.000623757921606065
"Et_8A_057700",192.706636827227,-1.64767193087045,0.37390619147165,-4.40664521864537,1.04983932659311e-05,0.000629308786139097
"Et_4B_037250",49.5587289050851,1.48528962751515,0.337228881525328,4.40439626878041,1.06078883828259e-05,0.000633181715601118
"Et_5A_040931",53.8828974695355,1.61404560618517,0.366590981500227,4.40285137288401,1.0683735991915e-05,0.000636810855180061
"Et_1B_014184",96.2753957911775,-1.47462079735603,0.335091799824007,-4.4006472200469,1.07928472114559e-05,0.000642409696186799
"Et_2A_017377",327.852579746145,-1.10837974838918,0.251895281073817,-4.40016082740501,1.08170677875615e-05,0.000642947062878653
"Et_4A_035918",111.499388398702,-1.32838848495543,0.302070571114776,-4.39760973752947,1.0944955033832e-05,0.000648726186319007
"Et_7A_050336",1509.78533612883,-1.54108371801625,0.350556099625467,-4.39611154865867,1.10207313749565e-05,0.00065230398851491
"Et_1A_006011",48.7899431422013,-1.07810793619265,0.245301819780079,-4.39502624627573,1.10759370513058e-05,0.000653742895413193
"Et_2A_017998",218.111876059988,-1.35813233582296,0.308996029585097,-4.39530675409191,1.10616433168118e-05,0.000653742895413193
"Et_3A_026876",28.3116760303587,-1.37107985102959,0.312045444553701,-4.39384671354701,1.11362352750475e-05,0.000656386457994443
"Et_6A_046745",188.630365534725,1.4596705246408,0.332274906565359,4.39296045473021,1.11817472749354e-05,0.000658152356989241
"Et_6A_046619",14257.2424378986,1.24734270493734,0.284167657328201,4.38946049196835,1.13632219577321e-05,0.000666978575937893
"Et_2B_022755",27.6768468527632,-1.08787932929238,0.247934348324252,-4.38777174943762,1.14517863456853e-05,0.000671245980816346
"Et_4B_038236",18.5627062194773,2.56079988588714,0.584342928105791,4.38235796604614,1.17401702935279e-05,0.000683416790676894
"Et_4B_039969",106.421695483925,-1.8113437799825,0.413558125736845,-4.37990131799537,1.18733065582101e-05,0.000686933727458577
"Et_9A_063551",64.0253462455117,-1.55866479704062,0.355857428766731,-4.380026018966,1.18665139044014e-05,0.000686933727458577
"Et_9A_061095",78.8598082431427,-1.2107747717163,0.276496880533987,-4.37898167016561,1.19235159185339e-05,0.000688408176906353
"Et_7A_052547",282.609609506444,-1.32743206991759,0.303205852253803,-4.37798960689731,1.19779060816187e-05,0.000690606247103682
"Et_6A_046491",36.4615912072707,1.54329479619639,0.353101721577396,4.37068046369783,1.23859937927838e-05,0.000712194643085067
"Et_10A_001901",70.2637665273666,-1.1560471313592,0.26465439783894,-4.36813875302663,1.25309876328673e-05,0.0007176067613301
"Et_6A_045823",10.7415043614216,2.59059401235184,0.593124933704347,4.36770377561495,1.25559630015322e-05,0.000718065343547087
"Et_3B_031088",382.291761618316,-1.2507765658049,0.286417883935435,-4.3669639221511,1.25985527683776e-05,0.000719528681724348
"Et_9A_061337",539.354132952945,1.05364386836917,0.241323641718106,4.36610296806289,1.26482872506045e-05,0.0007204246520129
"Et_Un_067756",202.89283469434,-1.37732379317334,0.315499783086481,-4.36553007960643,1.26814848725535e-05,0.000721344677159223
"Et_4A_035566",79.8405180851933,-1.04519611518807,0.23944284492459,-4.36511734362846,1.27054535197839e-05,0.000721737977123834
"Et_9B_064633",9.73211447689468,-1.77278709390327,0.406293687173318,-4.36331439515335,1.28106631605902e-05,0.000726738961067264
"Et_2A_014648",569.446316670747,-1.20081720692485,0.275316503757332,-4.3615881741084,1.29121739904458e-05,0.000731517005723784
"Et_4A_034733",143.458715101622,-1.19267310942688,0.273626478178637,-4.35876351355237,1.3079936055938e-05,0.0007400306068012
"Et_10A_000454",52.6626000679984,-1.01770773547841,0.233538123744648,-4.35777987405251,1.31388429447318e-05,0.000742370939146928
"Et_1A_009505",121.729318225032,-1.53957680558069,0.353462370892629,-4.35570214077574,1.32641044839893e-05,0.000748449202349904
"Et_9B_064380",31.5700036451899,-1.10967465297294,0.254962887618719,-4.35229873389411,1.34717526051373e-05,0.000759153888481238
"Et_7A_052828",1883.88487211804,-1.37878486066506,0.316838060673683,-4.3517021210564,1.35084710319484e-05,0.00076021076339369
"Et_4A_031812",27.3589670687602,2.2008411120616,0.505817909696065,4.35105414393895,1.35484588075426e-05,0.000761448574681543
"Et_1A_007615",207.323176806905,-1.30332129209424,0.299600296642616,-4.35020027249484,1.36013251330422e-05,0.000761740006244423
"Et_1B_013254",267.960266761694,-1.53694232754728,0.353270124215313,-4.35061507383664,1.35756187249057e-05,0.000761740006244423
"Et_5A_041782",136.755816717989,-1.37673506377043,0.316711958120546,-4.34696268476992,1.38035691782051e-05,0.000770668928260736
"Et_5A_042971",1532.72431287563,-1.79352564299389,0.412861392778945,-4.34413503990231,1.39825487846232e-05,0.000779633023142625
"Et_7B_055723",24.9258165290162,2.33109141795759,0.536885660060262,4.3418768489662,1.41270715015545e-05,0.000786654823612875
"Et_2A_014574",300.223641017058,-1.21224898115832,0.279305183876221,-4.3402308698128,1.423330955378e-05,0.000791529119994703
"Et_5B_045397",157.323645053361,-1.10971503633778,0.255819037431149,-4.33789075074776,1.43856626344112e-05,0.000797904643103906
"Et_4A_035751",23.1038734714882,-1.23114994398821,0.283956418007768,-4.33570036073115,1.45296757731788e-05,0.000803785462380296
"Et_9B_064435",1753.3113442967,1.0360343736397,0.238971967761982,4.33538035168875,1.45508303898717e-05,0.000803904885247219
"Et_2A_016082",231.927147565944,-1.24794934167142,0.288027695396888,-4.33274078019409,1.47264465078227e-05,0.000812546566116109
"Et_10A_001493",482.656495802541,-1.00054801954296,0.231119351485941,-4.32913995781881,1.49692782575284e-05,0.000820595668210626
"Et_10A_000968",19.2093236595826,-1.7796102473475,0.411056707336894,-4.3293546014053,1.49546967827577e-05,0.000820595668210626
"Et_6A_046011",104.052787953131,-1.12982146021873,0.261036267872545,-4.32821641769099,1.50321722959609e-05,0.000822977401765929
"Et_8A_058119",11.7888918992133,2.42231673571552,0.5600411401769,4.32524784688208,1.52360460333023e-05,0.000830914263053288
"Et_6B_049783",240.576709041638,-1.32603808832097,0.306633771583072,-4.32450111895689,1.52877428179275e-05,0.000831590329119143
"Et_3B_028527",26.4850229028741,-1.19909943038903,0.277336423854322,-4.32362764949652,1.53484262829507e-05,0.000833819512573137
"Et_1A_008081",59.0247185416669,-1.02624630223209,0.237475058215155,-4.32149089653996,1.54978447094756e-05,0.000839875311145234
"Et_1A_008535",313.412143554464,1.03852464777587,0.240317668179342,4.32146606466259,1.54995892723163e-05,0.000839875311145234
"Et_9B_064033",38.2412019760548,-1.57043283926544,0.363552292557476,-4.31968900049546,1.56249241379988e-05,0.000844504201175108
"Et_3A_025287",262.944897499718,-2.21183920682021,0.512108050130874,-4.31908697052302,1.56676034855992e-05,0.000845730841212446
"Et_5B_045405",259.34803528312,-1.24255347982889,0.287709144436499,-4.31878340976103,1.56891657593178e-05,0.000845815917113796
"Et_3B_030925",173.488179614753,1.49956662448069,0.347445777463175,4.31597308630303,1.58901340480758e-05,0.000854473281975307
"Et_6A_046971",6749.56051178136,-1.02571893950155,0.237648774622624,-4.31611289025303,1.58800788322606e-05,0.000854473281975307
"Et_10B_004412",54.7995582966047,-1.64492792466537,0.381763329060118,-4.30876357012891,1.64169750816975e-05,0.000878339298934816
"Et_9B_066116",21.6771872859674,-1.4887182067678,0.345903333405941,-4.30385620198891,1.67850631295502e-05,0.000896898827831522
"Et_4A_035571",1327.99915337049,-1.07877481955821,0.250758501951873,-4.30204683454864,1.69227528861852e-05,0.000900843902067116
"Et_2B_021375",273.001225767013,1.08020851811679,0.251118328023872,4.30159171023989,1.69575561141091e-05,0.000901562531091832
"Et_Un_067707",7.94430328556832,-2.21536138991191,0.515118474031867,-4.30068324393829,1.70272303442843e-05,0.000902997980163049
"Et_3A_024507",1006.12885644118,-1.12455509813523,0.261616590475487,-4.29848541367866,1.71969216016274e-05,0.00090971715272609
"Et_10A_002324",2456.69536607433,-2.00501281880225,0.46651623133031,-4.29784149864365,1.72469417786498e-05,0.00091056238552313
"Et_1B_012485",9.60904427352999,-2.35739466230334,0.548785365682952,-4.29565875790003,1.74175335070262e-05,0.000917945227916996
"Et_1A_007460",67.5019091971944,-1.03346780564997,0.240641047041104,-4.29464473479223,1.74973301459218e-05,0.000919953919473855
"Et_4A_035051",250.13995927848,-1.81639390109427,0.42303476575032,-4.29372252153462,1.75702043354991e-05,0.000922544723918512
"Et_1B_011255",57.6881923411117,1.63417005300832,0.380687684310203,4.29267906570027,1.76530079398363e-05,0.000925743861231567
"Et_3B_031442",34.700394255524,-1.06876858446385,0.24904101288307,-4.29153645052699,1.77441068003642e-05,0.000927939705446899
"Et_2A_015690",37.2104456294395,-1.45382320991477,0.339117913648784,-4.28707287760818,1.81042911367212e-05,0.000941245209958281
"Et_2A_016852",21.81366459086,-1.72852360703059,0.40335848263572,-4.28532851406934,1.82469352714319e-05,0.000947497301456438
"Et_1B_011004",30.7967175948577,-1.09314673647722,0.255163830132784,-4.28409753807334,1.83482411854563e-05,0.000950796392865254
"Et_3B_030143",20.2491751536947,-2.13396967880736,0.498149346305265,-4.28379499970209,1.8373221155155e-05,0.000950796392865254
"Et_10B_004418",10.5751280021142,-3.36015703437261,0.785039332436527,-4.28024035935077,1.86691575412533e-05,0.000962337085439513
"Et_4B_038893",101.586027029393,-1.25980091524942,0.294357882032752,-4.27982735352489,1.87038346868771e-05,0.000962924703155087
"Et_9A_063527",701.038275023826,-1.59310277533822,0.372411550799624,-4.27780172746412,1.88748022838288e-05,0.00096939518525684
"Et_2A_017068",15.336893367327,3.06832939507182,0.717422864210367,4.27687706670596,1.8953339712214e-05,0.000972248892873812
"Et_2A_018429",27.8946959518701,-1.44320613716304,0.337792762233566,-4.27246021383115,1.93328055890773e-05,0.000984553950095972
"Et_2B_020617",2906.32031106507,-1.20053687671358,0.280970158426871,-4.27282699143316,1.93010211122411e-05,0.000984553950095972
"Et_3A_026054",27.3642634773254,-1.31666729725818,0.308144110617722,-4.2728945707212,1.92951702101758e-05,0.000984553950095972
"Et_Un_067750",112.087127198568,-1.96942526665942,0.460955265286798,-4.27248675733008,1.93305036912138e-05,0.000984553950095972
"Et_1B_011750",183.951411356147,-1.82129270776562,0.426319171514175,-4.27213418832857,1.93611003856949e-05,0.000984809817695443
"Et_5A_042300",63.1672072392726,-1.68275924007489,0.394073476660271,-4.27016619929889,1.95327357451156e-05,0.000991157526059102
"Et_1B_013389",1239.05556476393,-1.37767568786021,0.322689689049418,-4.26935143765694,1.96042173273611e-05,0.000993593385980747
"Et_4B_037552",10118.1807390159,-1.05749673927286,0.248024778109979,-4.26367376409444,2.01092984169747e-05,0.00101308162035045
"Et_1B_012299",19.5477913115993,-1.38910163825692,0.326004369065481,-4.26099086413748,2.03522553650205e-05,0.00101929875390256
"Et_4A_033470",2411.07661427669,-1.23764671983943,0.290431397618952,-4.26140813281915,2.0314285842357e-05,0.00101929875390256
"Et_7A_051205",49.4018265170853,-1.58972132521621,0.373070847383323,-4.26117810160279,2.03352092700157e-05,0.00101929875390256
"Et_9A_061736",11.8893836723634,1.87163341462323,0.439305446416227,4.26043753814497,2.04027097025204e-05,0.00102061781868873
"Et_2B_019013",88.9165712725164,-1.376120847491,0.323101949360014,-4.25909175174201,2.0525921106606e-05,0.00102556904513762
"Et_3B_031199",37.1007085041723,-1.2610463341113,0.2961121294831,-4.25867841453374,2.05639055509823e-05,0.0010262552864594
"Et_7A_052462",167.152257885263,-1.30812090558794,0.307209588939433,-4.25807316140069,2.06196472656986e-05,0.00102782505569419
"Et_3B_031351",180.040879934178,-1.02568939313384,0.240942503919789,-4.25698818783462,2.07199298402236e-05,0.00102935276978666
"Et_7A_052648",144.952437351152,-1.43925958063794,0.3381132745116,-4.2567378719955,2.07431320151312e-05,0.00102935276978666
"Et_8A_058274",704.875439016708,-1.45711329866969,0.342311363078941,-4.25668983221472,2.07475877275052e-05,0.00102935276978666
"Et_3A_024056",88.9812307209928,1.00524485107491,0.236206562871515,4.25578713332243,2.08314831070984e-05,0.00103187884585643
"Et_7B_055768",161.549550195887,-1.27188565269954,0.29906866630638,-4.25282149550418,2.11093841241985e-05,0.00104241439455785
"Et_4B_039916",26.7172289351736,-2.07148108281941,0.487227946348731,-4.25156458766993,2.12282269826396e-05,0.0010470612656239
"Et_7A_053054",166.793749118063,-1.0332600625191,0.243107398912335,-4.25022054919724,2.13560127977843e-05,0.00105213790640539
"Et_4B_038513",387.288017577164,-1.00231643793381,0.235855591109688,-4.24970395324514,2.14053232264088e-05,0.00105334102202514
"Et_9A_062196",374.958057714715,-1.41018271222424,0.331852241484416,-4.24942952295972,2.14315623747861e-05,0.00105340733995464
"Et_8B_059944",1162.20007565817,1.10084935053302,0.259094504476896,4.24883326937251,2.14886776402193e-05,0.00105498937092121
"Et_2A_017723",397.19053565218,-1.13100054540106,0.266464495354413,-4.24446995798358,2.19110718463969e-05,0.00107430554103955
"Et_3A_026842",143.963806729227,-1.42385414925358,0.335478646053733,-4.24424673821273,2.19328919531705e-05,0.00107430554103955
"Et_10B_003858",89.0274726112031,-1.05420597157898,0.248406611978298,-4.24387242828737,2.19695278037218e-05,0.00107485597300983
"Et_10B_004130",27.392851172798,-1.52785849424627,0.360279423514536,-4.24075979511115,2.22764431975586e-05,0.00108735764258441
"Et_3A_023495",18.6064711834057,-2.02933268458462,0.47865897492193,-4.2396210891389,2.23897393417418e-05,0.0010916287660628
"Et_3B_028006",33.5303217318275,-1.62109811176883,0.382511954153107,-4.23803254818005,2.25487085538733e-05,0.00109335376763871
"Et_7B_054208",121.799614535993,1.0005565873687,0.236162943777422,4.23672135587751,2.26807314787749e-05,0.00109802377112879
"Et_2B_022397",1823.025626594,-1.26922687808327,0.299781827304504,-4.23383528446521,2.29739241762525e-05,0.00110770431380914
"Et_3A_025936",963.392691720104,1.60625425646065,0.379520963617931,4.23232024167628,2.31292757601446e-05,0.00111041223334008
"Et_1B_013337",173.609691450247,-1.45384222610314,0.343626474716197,-4.23087955403867,2.32779298920686e-05,0.00111541338126424
"Et_7A_051740",78.543747169306,-1.76258051179387,0.417036851210715,-4.22643827919968,2.37419354007526e-05,0.00113276066083411
"Et_1B_010286",491.112579910361,1.08390505116888,0.256523348142634,4.22536606908075,2.38552669367601e-05,0.00113688614500415
"Et_1A_006089",130.231952498443,-1.4979189672763,0.354775299809973,-4.22216250138787,2.41969553094319e-05,0.00114678011664329
"Et_2A_014620",16.0627704942525,-2.0163499584297,0.47753452328261,-4.22241714498283,2.41696259052992e-05,0.00114678011664329
"Et_3A_024051",22.2352979371559,-1.1222687770351,0.265746605167227,-4.22307850867516,2.40987827372958e-05,0.00114678011664329
"Et_6A_047715",19.1150637655311,-1.87403512515686,0.443840544862054,-4.22231620533747,2.41804556504758e-05,0.00114678011664329
"Et_8A_056046",135.305158732581,-1.35809611068442,0.321660292246627,-4.22214411731968,2.41989295011802e-05,0.00114678011664329
"Et_2A_015684",17.5641264699503,-2.76000676552377,0.6538701505003,-4.22103190275927,2.43186512794349e-05,0.00114862201132331
"Et_8B_058663",12.6145425969891,-2.20496479800134,0.52236898135742,-4.22108677332171,2.43127316730234e-05,0.00114862201132331
"Et_8A_058471",384.947625754886,1.2983243129543,0.307610580287806,4.22067508776702,2.43571790509678e-05,0.00114915921676361
"Et_7B_055955",10.8367215765848,2.44673272624998,0.579988177189706,4.21859069284043,2.45834085560403e-05,0.00115725233603073
"Et_9A_061888",275.658223749715,-1.17133196173274,0.277790338620784,-4.21660439145706,2.48008504714865e-05,0.00116489677242321
"Et_3A_027134",6.99982326783053,-2.46960067002303,0.585872591008957,-4.21525210075116,2.4949932244704e-05,0.00116930357984039
"Et_5A_042823",26.8640141823306,-1.45376734395565,0.345126795272495,-4.21227028404973,2.52816771996233e-05,0.0011822326840752
"Et_9B_065756",1794.76882690763,-1.4255533848904,0.338482186430389,-4.21160534302911,2.53562258925412e-05,0.00118403228156704
"Et_9B_063710",22.7996738084067,1.16355927726419,0.276286146196144,4.21142823584843,2.53761171876491e-05,0.00118403228156704
"Et_2B_020106",140.100722246117,1.15069512119654,0.273291771450604,4.21050042995723,2.54805638739137e-05,0.00118759632504849
"Et_1A_008880",1758.87651151085,-1.28728299251499,0.305819458870816,-4.20929066210519,2.56173663977689e-05,0.00119265890643958
"Et_7B_056000",12.8575621538409,-1.80882082788947,0.429789728292195,-4.20861809582321,2.56937231470099e-05,0.00119457103190071
"Et_7B_055200",204.710395177115,1.24007446466688,0.294708640749531,4.20779812058786,2.57871081525847e-05,0.00119661229936117
"Et_1B_010456",63.2041573156582,-1.0074786852171,0.239452603473133,-4.20742422760977,2.58297970011779e-05,0.00119728040426052
"Et_3B_030949",998.286408758143,-1.65808311947578,0.394278220312319,-4.20536320307615,2.60663213887546e-05,0.00120428681350665
"Et_9A_061527",8.73631440519185,-1.93302682562043,0.459769551279608,-4.20433850010408,2.61846821643433e-05,0.00120711955250001
"Et_4B_039377",17.1175961154097,-2.44813027379515,0.582369189988376,-4.20374277328101,2.62537277913382e-05,0.00120898559317675
"Et_3B_031219",54.7994512217388,-1.20916371020207,0.287751064458842,-4.20211724490431,2.64430108628055e-05,0.00121637849968905
"Et_2A_018072",49.4999642189304,-1.35711040223846,0.322983210671455,-4.20179859942918,2.6480267046211e-05,0.00121676970835575
"Et_1B_012458",21.371067882385,-1.21954816144432,0.290500552336785,-4.19809240166424,2.69172805582856e-05,0.00123145964082083
"Et_2B_019963",21.2226619518675,-2.15997849650118,0.514565205718689,-4.19767693675354,2.69666950807431e-05,0.00123145964082083
"Et_2B_021524",428.378267888064,1.51525430204829,0.360980168343634,4.19761093525184,2.69745530964297e-05,0.00123145964082083
"Et_1A_006959",560.800484500623,-1.20866844729835,0.288085183642823,-4.19552450429694,2.72240850142467e-05,0.00124151215280487
"Et_2B_021610",33.7942839591704,1.26685199074339,0.302301700009922,4.19068761671473,2.78110338212188e-05,0.00126249444273455
"Et_8A_057708",150.727442892944,-1.4523607102213,0.346531017110514,-4.19114202916537,2.77553836135454e-05,0.00126249444273455
"Et_4A_033113",74.5206705820081,1.09443113640731,0.261269728044243,4.1888937711987,2.80317571571775e-05,0.00126833934673025
"Et_7A_052825",348.358284136513,-3.11827635636971,0.744390014932603,-4.18903571221604,2.80142315559868e-05,0.00126833934673025
"Et_4A_032389",202.163301797183,-1.21564867947969,0.290282712619218,-4.1878094238231,2.81659870264307e-05,0.00126941913840101
"Et_7B_053515",29.0769806292702,1.2048301915527,0.287698526116827,4.187821911411,2.81644377328446e-05,0.00126941913840101
"Et_3B_030214",439.390792089671,-1.20032818911206,0.286850398093367,-4.18450940661188,2.85782613914755e-05,0.00128389811261915
"Et_7A_053058",130.125927053398,-1.06963956329146,0.255681152617692,-4.18349007089637,2.87067633529739e-05,0.00128830352608468
"Et_9B_066174",105.787448194399,-1.11683244505763,0.267171331665442,-4.1802106464632,2.91239185433697e-05,0.0013056400770714
"Et_3A_023426",67.0727904084022,-1.51654659175437,0.362844024998896,-4.17961021063799,2.92009176904796e-05,0.00130770670546148
"Et_3A_027263",90.0129896104215,-1.36911487034462,0.327624214573697,-4.17891843594681,2.92898699151826e-05,0.00131030369430289
"Et_3B_031595",18.5520803014828,-2.38627438742108,0.571133493590778,-4.17813771070982,2.93905692499171e-05,0.00131342015908816
"Et_8B_058758",55.6895596461595,-1.25340151439628,0.300017471351747,-4.1777617441711,2.94391793926536e-05,0.00131420471719103
"Et_2A_016429",729.286714871446,-1.56478819892523,0.374885107995248,-4.17404736958787,2.99235496146308e-05,0.00133301538914861
"Et_3B_027679",53.1380249599211,1.05568144502913,0.253087395549088,4.17121304179832,3.02982430101165e-05,0.00134828774362579
"Et_10A_000999",66.0901818137959,-1.27827682326464,0.306542450887828,-4.16998304659735,3.04622298997441e-05,0.00135416131234997
"Et_9B_065877",77.8765717553526,-1.06074411015181,0.254426308173246,-4.16916048410183,3.05723668393683e-05,0.001357631232573
"Et_1A_007077",330.842001549397,2.3112728585966,0.554701393785316,4.16669740601216,3.09044280502272e-05,0.00136807049695148
"Et_1A_006287",76.6277440119581,-1.03813296164782,0.249171589934736,-4.16633759057254,3.09532227265451e-05,0.00136879873123029
"Et_7A_052989",68.5463653120297,-1.18774797286289,0.285115897108333,-4.16584267979834,3.10204573320733e-05,0.00137034003579681
"Et_5A_042684",7.94596487094137,-2.47992350558188,0.595378655587992,-4.16528789251391,3.10959912521882e-05,0.00137224436891825
"Et_7B_054832",18.5480984104808,-1.24737870356357,0.299510813930246,-4.16472008871798,3.11734783121642e-05,0.00137423083559457
"Et_9B_064960",148.124190574559,-1.64497449142645,0.395097125936373,-4.16346863452346,3.13449101218013e-05,0.00138035025635237
"Et_2B_022801",100.24755337843,-1.61720262505843,0.388775823059558,-4.15973043882075,3.18623412433508e-05,0.00139587399732775
"Et_5B_044932",224.952706929612,-1.59728149996939,0.384148619086128,-4.15797798198325,3.21076961668153e-05,0.00140516825416714
"Et_4A_031891",648.686290194015,-1.1554912072605,0.277955825970859,-4.1571037528159,3.2230763786688e-05,0.00140833622073998
"Et_6A_046825",946.114872704954,-1.50436870993966,0.361977998105082,-4.15596726269243,3.23914206877316e-05,0.00141174554428919
"Et_2B_019264",101.551365489709,-1.4986570280809,0.360625432251394,-4.15571641391108,3.24269836094155e-05,0.00141184150859101
"Et_1A_005967",56.4792745447883,-1.35398597355785,0.326068898189848,-4.15245361049281,3.28929446571589e-05,0.00143065716124457
"Et_2B_019422",55.87333872429,-1.30111270624964,0.313432268179491,-4.15117662838893,3.30770366287503e-05,0.00143571301551663
"Et_3B_030106",198.236494585136,-1.12328315302538,0.270908035556937,-4.1463633617073,3.3779760913424e-05,0.00146171726161156
"Et_1A_009103",129.331028019104,-1.54735155314982,0.373253242763929,-4.14558100471338,3.38953143199875e-05,0.00146521930747893
"Et_5A_042512",122.643070210676,-1.16161464676273,0.28027970778477,-4.14448358014827,3.40580357621134e-05,0.00147075109535983
"Et_1B_011798",94.5486434983179,1.61801753364149,0.390558674471765,4.14282831082903,3.43048762870998e-05,0.0014729992703952
"Et_2A_018841",229.233243303509,-1.29635898461362,0.312913613817959,-4.14286540235923,3.42993264835226e-05,0.0014729992703952
"Et_4A_032772",145.923454239564,1.33483495546996,0.322211088551714,4.14273438406427,3.43189338518353e-05,0.0014729992703952
"Et_9B_065518",982.937591201994,-1.15072692001907,0.277708532253537,-4.14364985721252,3.41821523124405e-05,0.0014729992703952
"Et_2A_018187",233.558289704759,-1.05769870945735,0.255451909497493,-4.14050030605754,3.46549146688397e-05,0.00148591285591215
"Et_3B_029697",116.005139117359,-1.33457255001119,0.322371509691559,-4.13985885814815,3.4751957136781e-05,0.00148713356509864
"Et_8B_058894",143.18800038506,-1.1383038575647,0.275088693753268,-4.13795217111199,3.50419393012272e-05,0.00149691049280659
"Et_Un_067757",137.791923270991,-1.35521536101063,0.327519826582201,-4.13781167128975,3.50633981430416e-05,0.00149691049280659
"Et_8A_057613",198.663885454478,-1.23925140221335,0.299666780371014,-4.13543136372691,3.54288497714365e-05,0.00150991835078267
"Et_7B_055448",58.1743070778119,-1.10035970166548,0.266099773756189,-4.13513956112443,3.54738986734144e-05,0.00151031729563269
"Et_4B_038522",44.0042697487593,-1.29016370403054,0.312196356932328,-4.13253926697868,3.58777448922267e-05,0.00152389162855649
"Et_8A_057381",31.1748365811331,1.75782646300749,0.42542227959591,4.13195675759431,3.59688098097831e-05,0.00152389162855649
"Et_Un_067505",54.5945572716477,1.4913269706929,0.360927327102075,4.13193144078873,3.59727726117186e-05,0.00152389162855649
"Et_5B_044483",42.0384980619104,-2.02899217108843,0.4913030438012,-4.12981803530092,3.6305046557274e-05,0.00153642957030383
"Et_8B_059295",1368.24059323892,1.4124688794589,0.342052457263478,4.12939258135747,3.63722887384891e-05,0.00153773752189097
"Et_5B_043402",622.724362254542,-1.4291372109258,0.346214810079944,-4.12789161329002,3.66104595724387e-05,0.00154318192141993
"Et_9B_065703",147.471902618616,-1.09509484132691,0.265343340332712,-4.12708621197646,3.67388688542852e-05,0.00154551583490393
"Et_2A_017884",205.416399360508,-1.27546274562703,0.309134403255809,-4.12591653401832,3.69261183238838e-05,0.00154877435824258
"Et_9B_064427",11.7113966540846,3.01517112897847,0.730756352008418,4.12609636671859,3.68972707380518e-05,0.00154877435824258
"Et_9A_061591",894.249356542312,1.48337811412287,0.359632638072688,4.12470381462724,3.7121214654212e-05,0.00155541564768936
"Et_2B_019970",24.8748660040979,-1.1562390462894,0.280469709501182,-4.12250951571839,3.74767124480327e-05,0.00156797746063582
"Et_5A_042991",77.2848227839144,-1.54802994354642,0.375537231227509,-4.12217435402187,3.75312956172284e-05,0.00156797746063582
"Et_8A_056932",866.336335338375,1.33610343520896,0.324132239974201,4.12209361005035,3.75444565519517e-05,0.00156797746063582
"Et_9A_061455",1753.64687336108,-1.50447302032668,0.36499133088296,-4.12194179156851,3.75692142033251e-05,0.00156797746063582
"Et_5A_041293",77.556748269029,-1.63821576974473,0.397495292972912,-4.12134633719138,3.76664670291068e-05,0.00157048757110522
"Et_7B_054991",6.93311065587167,-2.04432020567408,0.496259107963958,-4.11946133152391,3.79759145507568e-05,0.00158183140136617
"Et_9B_064995",834.52982130798,-1.37169690478924,0.333016795526954,-4.1190021741057,3.80516557351702e-05,0.00158342779814395
"Et_9A_061797",760.013713029037,-1.39754854813877,0.339415782936656,-4.1175119673194,3.8298464776338e-05,0.00159213264178254
"Et_1A_006007",57.8362471557518,-1.23482804949745,0.300113389228254,-4.1145383505642,3.87955057669937e-05,0.00160805661514121
"Et_2A_017986",15.6882195768047,4.60474384629727,1.11912650727173,4.11458741829196,3.87872546250693e-05,0.00160805661514121
"Et_6A_046833",136.249267032664,-2.36703399494708,0.575256081008593,-4.11474832355875,3.87602087666216e-05,0.00160805661514121
"Et_1A_005263",21.3743611595011,-1.8052633585645,0.43913201190156,-4.11098100260836,3.939816193344e-05,0.00162595969337363
"Et_2A_017310",47.5322626331131,1.02067248364793,0.248311271177068,4.11045571475531,3.94879011437522e-05,0.00162595969337363
"Et_7A_053003",17.8016538589257,-2.0851543111552,0.507312684404301,-4.11019549728713,3.95324280381407e-05,0.00162595969337363
"Et_9A_063556",78.8400394058638,-1.07449783024438,0.261397672526719,-4.1105868306251,3.94654833993602e-05,0.00162595969337363
"Et_4B_037979",60.0617046813323,-1.88998234727632,0.459960328886031,-4.10901164422948,3.97356042824242e-05,0.00162956234330473
"Et_7B_054914",44.7949150327869,-1.53173373408732,0.372747619217875,-4.10930521112733,3.9685129288888e-05,0.00162956234330473
"Et_2B_019738",65.4351292462796,-1.11878421803328,0.272705519675707,-4.10253602260676,4.08646207303172e-05,0.00167042636836561
"Et_6A_048069",75.1552978308837,-1.69074567475404,0.41213780693865,-4.10237946213394,4.08922901140541e-05,0.00167042636836561
"Et_7A_050712",330.346834524001,-2.04008503615731,0.497365913431452,-4.10177895401447,4.09985846000701e-05,0.0016731534236017
"Et_3A_027230",36.3356887679796,-1.08164750827001,0.263737716238341,-4.101224215093,4.10970105114547e-05,0.00167394175634722
"Et_2A_018355",77.3252679341983,-1.84111806190801,0.449077831550297,-4.09977498900836,4.13552020676308e-05,0.00168283860721359
"Et_1B_014399",234.665120362168,-1.19612231858601,0.291919552463954,-4.09743817599783,4.17747689222622e-05,0.00169664896428996
"Et_4A_034621",269.220863814309,-1.40456940405828,0.3432280092313,-4.09223421830864,4.272367961419e-05,0.00173186410083575
"Et_4A_035868",106.181271803336,-1.15387938719773,0.282042183298888,-4.09115889581288,4.29222910275188e-05,0.00173492966216294
"Et_4A_031790",42.9429267359404,-1.57312597426743,0.384554353030846,-4.09077666620834,4.29930993693725e-05,0.00173613355468687
"Et_3A_023765",20.0824515824178,-1.96281079904852,0.480113140257487,-4.08822553366454,4.3468544385514e-05,0.00175198933180472
"Et_6B_049798",17.9733007083448,-1.65896936686242,0.405855285450288,-4.08758842458299,4.35880559739001e-05,0.00175346628214397
"Et_5B_043058",11.7835399981168,-1.46298838782066,0.357960953049315,-4.08700551095894,4.36976743378738e-05,0.00175454039656434
"Et_3B_031504",14.6926817465298,-1.27692180223152,0.31251999189887,-4.0858883762058,4.39084855200324e-05,0.00176133375090784
"Et_4A_034343",294.564407949971,-1.18662323964657,0.290664284523682,-4.08245285997594,4.45628531360057e-05,0.00177747402894982
"Et_7B_053903",33.7964766674404,-1.340197580656,0.328273843796636,-4.08255974693568,4.45423555545811e-05,0.00177747402894982
"Et_3B_028356",1201.88075332014,-1.11963982100088,0.274318403328308,-4.08153374843351,4.47394796298258e-05,0.00178283877394937
"Et_2B_020855",66.958686513163,1.86305961051375,0.456505087389141,4.08113657871596,4.48160093649685e-05,0.00178420838788849
"Et_6B_049784",211.45879426965,-1.18324903327104,0.290050162538339,-4.07946343803424,4.51397683803674e-05,0.00179204033570089
"Et_4B_039026",518.683713355391,-1.27037773275097,0.311428109171595,-4.07920060950888,4.51908278444515e-05,0.0017923859741117
"Et_10A_001420",494.949252654891,-1.10858130702905,0.271796234848463,-4.07872208990361,4.52839301000563e-05,0.00179395866208789
"Et_3A_027339",41.9593160642568,1.49054821895608,0.365459317529819,4.07856127196556,4.53152601552919e-05,0.00179395866208789
"Et_1A_007614",175.99065497912,-1.08561387355879,0.26624503613393,-4.07749901865846,4.55227219955657e-05,0.00180048747182462
"Et_2A_015129",37.9497807740754,-1.31679619385673,0.323035666464992,-4.07631828480906,4.57543804683263e-05,0.0018078998522511
"Et_4B_036899",52.8924441456001,2.5502464486419,0.625657089797342,4.07610892648553,4.57955728169466e-05,0.0018078998522511
"Et_6B_050026",149.301634644806,-1.24677660321491,0.30592502567467,-4.07543188225722,4.59290257201467e-05,0.00181147844219628
"Et_5A_041933",148.750417924255,-1.09258956373578,0.268215873521642,-4.0735454967307,4.63028011104606e-05,0.00182112875743001
"Et_1A_007465",65.5688055741772,-1.64484169804091,0.403836676345963,-4.07303693395047,4.6404062187349e-05,0.00182290798824084
"Et_9A_060924",25.4136453374653,2.07744962874205,0.510068219608308,4.07288583934394,4.64341874131291e-05,0.00182290798824084
"Et_6B_050030",135.3710958342,-1.47807617270325,0.363048760769954,-4.07128830179325,4.67538409525751e-05,0.00183205791584535
"Et_1B_014332",53.5450831420675,-1.91473041379074,0.470670717149532,-4.06808909928942,4.74002576533559e-05,0.00185053404417899
"Et_7B_055273",21.2027665554739,-2.06107553500741,0.506631158207512,-4.06819734952663,4.73782472582851e-05,0.00185053404417899
"Et_2A_017757",676.115942602375,-1.62005557611657,0.39831307801358,-4.06729195083405,4.75626397473945e-05,0.00185221002132582
"Et_7A_050987",39.9764749630386,-1.08714061133963,0.267285016185707,-4.067345887374,4.7551636059248e-05,0.00185221002132582
"Et_3A_026574",145.865787171531,1.61486264739215,0.39741610579823,4.06340514093814,4.83619812942716e-05,0.00187941143101338
"Et_7B_055426",17.4151124737252,-4.52891761346357,1.11484139958611,-4.06238736303205,4.85733869073154e-05,0.00188589516873173
"Et_1A_004844",13.0185621750737,-2.03857120908742,0.50187900624812,-4.0618778305295,4.86795521868625e-05,0.0018882847374409
"Et_3B_030846",20.7258738725669,2.61356032604305,0.643859639555098,4.05920819613572,4.9239397520068e-05,0.00190476353112365
"Et_3B_029829",474.195042590696,-1.02009551613337,0.251302682619623,-4.05923050840409,4.9234693254193e-05,0.00190476353112365
"Et_4B_038472",5.65595031913826,-2.45521610308643,0.604960943683733,-4.05847043304335,4.93951859310095e-05,0.00190904499415555
"Et_1B_013878",811.674457304442,-1.73409788319816,0.42730319816884,-4.05823754802081,4.94444596212134e-05,0.00190920577661474
"Et_6B_049848",85.7029772104325,-1.07362957805478,0.264595864977576,-4.05762039458087,4.95752620599746e-05,0.00191076966336806
"Et_9B_064119",125.812996755492,1.45245978320408,0.358049670601441,4.05658740242458,4.97949336081743e-05,0.00191749007306455
"Et_1A_008546",46.898449191748,-2.08573296483224,0.514471871405203,-4.05412439583018,5.03224342973045e-05,0.00193428285146406
"Et_2A_017718",94.440752282882,-1.47279725566486,0.363474763713929,-4.05199315797347,5.07831505570274e-05,0.00194845234050172
"Et_7A_051561",42.876186389421,1.41867192102229,0.350167536525179,4.05140903437311,5.09101186557841e-05,0.00194978843575817
"Et_9B_064446",86.0826385670308,-1.15915335108523,0.286289761061336,-4.04888161835759,5.14629661397179e-05,0.00196917968086154
"Et_1A_005931",40.6280266088108,-1.62635132564817,0.401753260738755,-4.04813472492442,5.16274278191613e-05,0.00197368811680841
"Et_10B_003060",64.6175126462756,-1.51031873797868,0.373326715885291,-4.04556832852739,5.21963379733319e-05,0.00199183861409505
"Et_5B_043396",16.9372691836591,-1.43628357702841,0.355203913939947,-4.04354659580479,5.26486870683299e-05,0.00200729048354209
"Et_7B_055772",68.6611992206489,-1.64732941179091,0.407482936387016,-4.0426954473164,5.28402348312787e-05,0.00201278014226797
"Et_7B_053317",37.2051881166895,-2.70870740225827,0.670095304925857,-4.04227187139891,5.29358049048454e-05,0.00201460725141462
"Et_4A_033110",5.08580080916139,-3.61992205855857,0.8957784863262,-4.04109064217955,5.32031878851254e-05,0.00202187525327784
"Et_3B_029440",130.642628199269,-1.84933437197277,0.457703801711891,-4.04046102535294,5.33462302626597e-05,0.0020229502372005
"Et_6A_047812",73.4015439327905,-1.40587025847114,0.347982441375546,-4.04006090914774,5.34373217816863e-05,0.00202459038299101
"Et_5A_042992",67.4726469724976,-1.43789393925689,0.355963346232366,-4.0394438204833,5.35780988130596e-05,0.00202810835578594
"Et_3A_026227",11.9260402616184,-1.59718916036595,0.395525700971703,-4.03814254406749,5.38761128955684e-05,0.00203231809351013
"Et_4B_036520",27.5544835162759,-1.44234600148821,0.357182593639482,-4.03811951414414,5.38814012504339e-05,0.00203231809351013
"Et_2B_018945",82.0739680305195,-1.24180633942703,0.307813058838264,-4.03428738245806,5.47682554977963e-05,0.00206392927218766
"Et_6A_046017",200.259716034316,-1.07160960586345,0.265678920312604,-4.03347621483317,5.49577458069579e-05,0.00206922758234026
"Et_10A_001478",217.770918851274,-1.05952522222565,0.262808378428412,-4.03155039638227,5.5410111464834e-05,0.00207886162871611
"Et_8A_057374",38.7073416872264,-1.29887832758893,0.322279794176275,-4.03028160952123,5.57100685854351e-05,0.00208457126660974
"Et_2A_018549",460.065756597005,-1.41632328589449,0.351519459863567,-4.02914617143585,5.59798040071827e-05,0.00208728220756297
"Et_8A_057356",16.072487673149,-1.76761988031838,0.438666363391482,-4.02953138839343,5.58881532514025e-05,0.00208728220756297
"Et_4B_039424",613.092402437877,-1.19973134042352,0.297842946535104,-4.02806698758642,5.62373219809233e-05,0.00209503826252876
"Et_4B_039780",231.956192734824,-1.05596599894029,0.262216951987291,-4.02706991648451,5.64762429495884e-05,0.00210208847988266
"Et_4B_039224",177.255878310651,-1.67179861978545,0.415405438861191,-4.0244986304671,5.709682638218e-05,0.00211773680323739
"Et_9B_065834",71.3486036561891,-1.18381343550184,0.294138041307524,-4.02468660714359,5.70512400030354e-05,0.00211773680323739
"Et_1B_010976",265.277922619868,-1.02220043653336,0.254164738700094,-4.02180271646383,5.77544221631845e-05,0.0021383789553333
"Et_2A_016295",8.40092386388269,-1.92409005395529,0.478526472612917,-4.02086439115708,5.79849794594064e-05,0.00214503875063119
"Et_3B_030303",1531.72621271308,1.37500653483908,0.34250962984545,4.01450474679945,5.95707449538684e-05,0.0021902988066444
"Et_Un_067495",30.9862551138843,-1.10473178917063,0.275817310965835,-4.00530258707176,6.19381433539696e-05,0.0022616240092666
"Et_4A_035130",33.7164950073311,-1.06673052925129,0.266380304750256,-4.00453978852302,6.21383322501905e-05,0.00226502516867189
"Et_2A_015180",984.076583336212,-1.4790422173376,0.369544730570702,-4.00233610435591,6.27201138572407e-05,0.00228230027380776
"Et_2A_014537",33.929887324978,-2.86239219551487,0.715387194841272,-4.00117896456055,6.30276644574705e-05,0.0022886701723255
"Et_3A_026508",19.0683241698756,1.95717137604684,0.489211897465293,4.00066185263961,6.31655661927264e-05,0.0022886701723255
"Et_6A_046978",33.846452336466,-1.49445312581089,0.373549075736298,-4.00068752108458,6.31587142832623e-05,0.0022886701723255
"Et_3A_023174",53.762758884822,-1.33094872881109,0.33295835392022,-3.9973429503739,6.40574626689989e-05,0.00231701864970259
"Et_3A_026066",64.6508865820292,-1.10582581451469,0.276661480600431,-3.99703569905991,6.41406311765768e-05,0.00231804569717569
"Et_2A_017963",13.2537609467375,-1.71471937334948,0.429045022635832,-3.9965954221194,6.4259985988985e-05,0.00232037765106983
"Et_1A_009308",60.4017897813382,1.03059092120216,0.257904829467703,3.99601249549776,6.4418335199572e-05,0.00232411248563162
"Et_1B_013268",645.276152845356,1.83699526494353,0.45973933113596,3.99573223462204,6.44945981211771e-05,0.00232467961276357
"Et_3A_025713",167.076281898217,1.53403057496372,0.383970958616014,3.99517343835842,6.46469095620378e-05,0.0023264091944434
"Et_4A_031904",7.36777465374528,-2.33867220396332,0.585492293889018,-3.99436888986044,6.48668039224236e-05,0.00232845370113785
"Et_10B_003563",112.557622343532,-1.07760600160337,0.269901103330191,-3.99259576306752,6.53539261904766e-05,0.00234387979354319
"Et_10A_001866",26.8080516806167,-1.76444157584402,0.44206704669927,-3.99134382220609,6.5699948691341e-05,0.00235200054739651
"Et_2B_019249",55.1331164905983,-1.17584192691258,0.294744088730133,-3.98936559501004,6.62502452753102e-05,0.0023620137995376
"Et_4A_033408",69.6388734142526,-2.33424810654001,0.585091081837693,-3.98954654924571,6.61997273500644e-05,0.0023620137995376
"Et_5B_043936",155.473959508025,1.20156351019996,0.301158191771764,3.9898084894552,6.61266647298602e-05,0.0023620137995376
"Et_1B_011907",544.303197058281,1.75338257041986,0.439619854904193,3.98840623520514,6.65186846963163e-05,0.0023656585259855
"Et_3B_030230",118.719470008192,-1.61984495197821,0.406179525645722,-3.98800247108237,6.66319698245443e-05,0.0023656585259855
"Et_4B_037064",251.446844622965,-1.53169978194195,0.384076102933894,-3.98801115258552,6.66295321136322e-05,0.0023656585259855
"Et_5A_040465",148.845630381029,-1.25123473064586,0.313711644225767,-3.98848673192822,6.64961213277633e-05,0.0023656585259855
"Et_1B_011819",289.102231417861,4.57001391490048,1.1461667635513,3.98721552589841,6.68532899406238e-05,0.00237152659705549
"Et_7A_052410",28.530010253244,-2.19035584433792,0.549401732751866,-3.98680184965339,6.69699108455497e-05,0.00237367389194612
"Et_2A_018840",195.594247468024,-1.34005337766791,0.336207779825373,-3.98578931862891,6.72561697782508e-05,0.00238182519248165
"Et_3A_026393",11.4509490831612,-2.13142815273325,0.535259689612245,-3.9820449663925,6.83248488240256e-05,0.00240954865806875
"Et_3B_028925",49.399412793807,-1.31029760712785,0.329044353370747,-3.98213065717463,6.83002131016054e-05,0.00240954865806875
"Et_5A_042796",784.651482703075,-1.20351563885844,0.302204385362281,-3.98245590452195,6.82067823940347e-05,0.00240954865806875
"Et_2B_022329",56.2555434697086,-1.52214212492936,0.382340152381357,-3.98112025495854,6.85912347583711e-05,0.00241295183289631
"Et_2B_021778",473.831788189577,-1.57179414474678,0.394960498660048,-3.97962365876914,6.90244494616222e-05,0.00242617500100984
"Et_8A_056138",55.4362273220568,-1.75677990314133,0.441634076139203,-3.97790840439495,6.95241419315688e-05,0.00244171094319004
"Et_2A_017997",15.0095125410899,-1.46753961074287,0.369021402278194,-3.9768414560317,6.98366926694801e-05,0.00244526073832881
"Et_10A_001931",111.361273654579,-1.96703577672845,0.494697986374248,-3.97623566480488,7.00147436840796e-05,0.00244878012620682
"Et_9A_062927",60.7252487923413,-1.80574316315126,0.454234315240382,-3.97535611591927,7.02740207049489e-05,0.0024537925381464
"Et_9A_063531",143.857772288719,-1.61762999848869,0.407109749516841,-3.97344942096941,7.08392062717992e-05,0.00247148821881496
"Et_2A_018281",32.1151151746281,-1.28015193059035,0.322321558560914,-3.9716608976015,7.13732695198074e-05,0.00248602202969403
"Et_5B_045274",335.729012206236,1.48913713408437,0.375222220078326,3.96868056953961,7.2271682834969e-05,0.00251317799307797
"Et_9A_061178",175.268478439683,-1.10193481216715,0.277690927041962,-3.96820603361175,7.24157140832918e-05,0.00251405497949541
"Et_Un_067500",21.7810979549288,-1.59509134840027,0.401948093647728,-3.96840132745655,7.23564056078857e-05,0.00251405497949541
"Et_10B_003056",42.1973119417888,1.48264458739097,0.373691113344358,3.9675671549211,7.26100555517449e-05,0.00251873569749987
"Et_10A_001950",24.6566363204106,-1.01238108504081,0.255199163048759,-3.96702353152854,7.27758095335393e-05,0.00252173524814718
"Et_9A_062953",126.489862828872,-1.07226440055382,0.270303341852381,-3.96689287378253,7.28157011634182e-05,0.00252173524814718
"Et_4A_035409",90.9984587909849,-1.22743696318953,0.309464283562384,-3.9663283564098,7.29882940206858e-05,0.00252564562792757
"Et_Un_067588",41.6351595562877,-1.41669611712049,0.357269746934302,-3.96534027657541,7.32913165360998e-05,0.00253199062514918
"Et_2B_018940",385.591928936198,-1.42190598264537,0.358934056245086,-3.96146857035619,7.44901885119045e-05,0.00256213342313461
"Et_4B_038747",57.6114897089051,-1.00033348506477,0.252531886012784,-3.96121654520147,7.45688674453665e-05,0.00256213342313461
"Et_Un_067724",99.9471891433178,-1.30560783463078,0.32960268989296,-3.96115649133442,7.4587627062898e-05,0.00256213342313461
"Et_10A_001359",21.1900485845613,-1.22518358674724,0.309681952916017,-3.9562640806502,7.61309998739284e-05,0.00260668601510085
"Et_1A_006300",31.2906828388716,-1.30027284426567,0.328790946575833,-3.95470999979549,7.66275408932957e-05,0.00261965415273986
"Et_3B_028630",537.435617215985,-1.19462178538572,0.302077130613012,-3.95469125041491,7.663355012032e-05,0.00261965415273986
"Et_7B_055163",50.7151184288398,-2.01992754159864,0.510987378118413,-3.95298911107459,7.71809506584884e-05,0.00263623715243521
"Et_10A_001861",243.176084326313,-1.52812509871458,0.386686108020256,-3.95184897264148,7.75496795061129e-05,0.00264456280152998
"Et_9A_062502",34.0045154907987,1.36176514073917,0.344574091214114,3.95202418133344,7.74929076688658e-05,0.00264456280152998
"Et_3A_027330",235.794189020678,-1.06364181931824,0.269265420649282,-3.95016120805067,7.80985734561307e-05,0.00265899567873166
"Et_6B_048865",529.004194481867,-1.36416570586683,0.345441831965209,-3.94904606111579,7.84632539835676e-05,0.00266926439596831
"Et_1A_008163",18.4688696586506,-1.20563377125776,0.305562697543178,-3.94561830011139,7.95943223832239e-05,0.00270214454933375
"Et_7A_050997",150.652071735925,-1.79825026978243,0.45576818778322,-3.94553704708707,7.96213197783362e-05,0.00270214454933375
"Et_7B_054461",212.09052412225,-1.07101698193626,0.271620811866116,-3.94305935019505,8.04487363192042e-05,0.00272585309930242
"Et_5A_042935",99.3607482896501,-1.34888692177257,0.342173997586104,-3.94210820018007,8.07685225861863e-05,0.00273231325007786
"Et_5B_045490",42.9832629916074,-1.64592934928509,0.417728882903315,-3.94018564827381,8.14185765142395e-05,0.00275033719550538
"Et_5B_043756",8.47363927056605,-1.74686900928104,0.443369457610493,-3.93998499286726,8.1486706458425e-05,0.00275033719550538
"Et_9A_062965",784.661065298473,-1.43666190886084,0.364766714824627,-3.93857731660512,8.19661819112782e-05,0.00275520954605663
"Et_Un_066908",19.3951174307188,-1.23115520552793,0.312571620658861,-3.93879394083446,8.18922232796953e-05,0.00275520954605663
"Et_2A_018339",18.39826710809,-1.4413095456099,0.366060316087107,-3.93735535448461,8.23845612543581e-05,0.00276577262343317
"Et_4B_037016",195.186720271555,-1.35247238313251,0.343504422410515,-3.93727793558418,8.24111360621273e-05,0.00276577262343317
"Et_3A_023346",33.8354544603747,-1.54647767850515,0.392821609989873,-3.93684471316386,8.25599935472755e-05,0.00276857284225095
"Et_1B_011705",15.7356840316432,-2.07642430197316,0.527781226442591,-3.93425191716065,8.34562170478984e-05,0.00278538415257655
"Et_2A_016539",28.0614360699244,1.62213079325315,0.412289958767934,3.93444166843316,8.33903172267477e-05,0.00278538415257655
"Et_10B_002757",317.357180092348,-1.06594467735104,0.27098631169226,-3.93357387941261,8.36920990809116e-05,0.00279105566044459
"Et_8B_058685",107.062351692865,-1.16541669536742,0.29631768638411,-3.93299741769958,8.38931393144432e-05,0.00279555720928129
"Et_5A_041487",426.400038919676,-1.12005563229576,0.284865383829507,-3.93187693512848,8.42852124326004e-05,0.00280641242340492
"Et_1B_009723",48.336240221829,-1.41933453932546,0.361028776942059,-3.93136123759255,8.44662437769284e-05,0.00281022911685504
"Et_10A_001677",17.5649411446824,-1.6434883405418,0.418138266183687,-3.93049015949145,8.47728632878045e-05,0.00281379417595285
"Et_1B_011908",1018.47291649636,1.4196235989345,0.361172951342869,3.93059223747579,8.47368775045935e-05,0.00281379417595285
"Et_9B_063771",83.0830587386344,-1.43624434988669,0.365391092017856,-3.93070433642784,8.46973756375508e-05,0.00281379417595285
"Et_7B_055036",1009.25510270478,1.06780194754373,0.271726193359898,3.92969825374708,8.50525266053833e-05,0.0028208643620218
"Et_7A_050735",190.335391220327,-1.5585744857793,0.396730627744145,-3.92854591197441,8.54610364563936e-05,0.00283219347128784
"Et_3B_027785",16.486043246565,-1.90730003730509,0.485583244197058,-3.92785389549206,8.57072493902212e-05,0.00283591148881483
"Et_1B_013354",13.5286232636599,1.93337559606373,0.492337497078288,3.92693143938272,8.6036492907959e-05,0.0028445815467694
"Et_2B_022387",67.5177951014123,-1.80201409492389,0.458938716945125,-3.92648087509113,8.61977426255275e-05,0.00284742750777029
"Et_4B_038342",480.511943521745,-1.76588149747369,0.449760767739315,-3.92626841676242,8.62738770782727e-05,0.00284742750777029
"Et_6B_048588",25.026934037032,-1.06137672184981,0.270568295810655,-3.92276825586604,8.75373423096222e-05,0.00287846179218587
"Et_1A_007180",20.4543152076195,1.56076062405099,0.397950007641261,3.92200174414361,8.78163563839072e-05,0.00288075780803686
"Et_4B_039945",155.313307857747,-1.24897120410781,0.31842206432402,-3.92237644322564,8.76798592492219e-05,0.00288075780803686
"Et_2B_022673",331.889284054509,1.64258458271041,0.418983937590927,3.92039988968298,8.84021542636632e-05,0.00289117400961223
"Et_3A_023155",64.7730507192102,1.34476711948483,0.343127605214296,3.91914581936645,8.88633419300065e-05,0.00290401284206786
"Et_5A_041061",14.4190742880568,-1.51801091514278,0.387379839194067,-3.91866267047083,8.90416269854112e-05,0.00290660090600096
"Et_9B_066088",26.7725158056174,-1.62703147067607,0.415211673877381,-3.91855907008183,8.90799001673735e-05,0.00290660090600096
"Et_3A_027296",83.0987634948312,-1.58470643579199,0.40443792505613,-3.91829335879433,8.91781331767822e-05,0.00290694286749762
"Et_2A_017979",78.6059965336468,2.19315080475669,0.560073010149597,3.91583019537202,9.00936445769376e-05,0.00292869287216589
"Et_2B_019895",84.7388884988704,-2.39661884857684,0.61206625120791,-3.91561999023328,9.01721836586049e-05,0.00292869287216589
"Et_5A_041831",291.028744654345,-1.10295494055881,0.281669255865885,-3.91578036150305,9.01122581917305e-05,0.00292869287216589
"Et_5B_043838",273.643356316998,-1.41593120475775,0.361679539940883,-3.91487780865124,9.04500030457103e-05,0.00293096793942914
"Et_6A_047698",13.5838872261229,-4.69827527830121,1.20008712705136,-3.91494515056167,9.04247617653021e-05,0.00293096793942914
"Et_10B_003436",70.7824104943368,-1.26656145555558,0.323593607044309,-3.91404968449252,9.07609474765642e-05,0.00293879364744315
"Et_2A_015497",6.39542625537042,3.19025400215624,0.815525992743729,3.91189738958909,9.15738211275801e-05,0.00296284717899021
"Et_5A_042197",14.170591723844,-2.41658871611156,0.617821042406081,-3.911470393919,9.17359031427055e-05,0.00296582385103078
"Et_7A_050326",54.4791555435065,-1.12376938210606,0.287567400404324,-3.90784692745431,9.31222712766178e-05,0.00299690838055245
"Et_3B_031169",78.1403678097122,1.05158299237227,0.269251576160583,3.90557785164127,9.40004885574332e-05,0.00301828579343746
"Et_2B_021797",35.1757502663155,-1.68521808579607,0.431656631953388,-3.90407087728482,9.45880599735887e-05,0.00303255052885021
"Et_2A_017690",39.1226225757885,-1.38211218629867,0.354145463395954,-3.90266805353199,9.51381384500269e-05,0.00304557187534428
"Et_1B_011187",22.7943313444583,-2.02585343101246,0.519271077689648,-3.90134077951334,9.56613721687194e-05,0.00305538812843789
"Et_2B_021467",56.3323381368325,-1.86831199561691,0.479012723376189,-3.90033897732115,9.6058097623375e-05,0.00306343533641389
"Et_3A_026778",24.0322098967274,-1.0794419343397,0.276782396688863,-3.89996599224888,9.62062005829303e-05,0.00306584819929941
"Et_10B_004341",118.026940410686,-1.36826020069892,0.350862675577946,-3.89970292065152,9.63107893129118e-05,0.00306687178609663
"Et_2B_021457",508.11317299546,-1.43724668669138,0.368736254748517,-3.8977634235386,9.70851904286292e-05,0.00308920696160871
"Et_3A_023616",533.50284097592,-1.17610080828402,0.301759373583289,-3.89747895589198,9.71992656459511e-05,0.00309051308950913
"Et_7A_050889",26.4293391057477,-4.35486111612026,1.11779689580522,-3.89593237596457,9.78216819015352e-05,0.00310796815170643
"Et_3A_026802",55.2819472665795,-1.14090332779528,0.292870979934563,-3.89558340006986,9.79626455560133e-05,0.00311011189792234
"Et_1B_010747",11.4543448098959,2.36767140597448,0.608084550986289,3.89365492370133,9.87450896210712e-05,0.00312557381657721
"Et_2A_016602",264.909951240929,1.48068829809044,0.380396754323411,3.89248404793583,9.92230256962324e-05,0.00313328169264799
"Et_6A_047874",199.725180719639,4.17326267112235,1.07239988039372,3.89151728512892,9.96192906493008e-05,0.00313915739410157
"Et_2B_022699",39.3485852685497,-1.46357167734937,0.376142811416432,-3.89099999502325,9.98319349950732e-05,0.00314123123057508
"Et_2B_022333",36.1945368200394,-1.22933193813453,0.315957377426852,-3.89081574276306,9.99077796870051e-05,0.00314123123057508
"Et_1A_007119",1305.94286911482,1.41505801766125,0.363781853927939,3.88985322489878,0.000100304870856418,0.00315137500715932
"Et_7A_051731",20.450574993837,1.16869563853493,0.300519513267045,3.88891764740886,0.000100692275168216,0.00315885625286796
"Et_7B_053509",2336.15682061532,-1.28335526453857,0.329988024406936,-3.88909648113761,0.000100618114609387,0.00315885625286796
"Et_1B_014401",29.8728071521735,-1.9421495897074,0.499432994485346,-3.88870901833136,0.000100778856767137,0.0031592305321372
"Et_1B_013364",5385.53115276288,-1.1110080444323,0.285756666529733,-3.88795144457881,0.000101093843073274,0.00316329401215382
"Et_2B_022109",14.9909742303981,-1.77004712550855,0.45527565152726,-3.8878580911823,0.000101132722080438,0.00316329401215382
"Et_7A_053105",52.8430292977008,1.42823158882056,0.367382080570417,3.88759186785324,0.000101243673977694,0.0031644256150192
"Et_10A_002254",18.5671472320645,-2.13996816326295,0.550574277744821,-3.8867928447881,0.000101577367144009,0.00317017269729681
"Et_3B_028739",259.813459952906,1.47516506608665,0.379620419258219,3.88589493939535,0.000101953594896904,0.00317956973915768
"Et_4A_034299",343.883957122709,-1.31438572245038,0.33830811708484,-3.88517347374423,0.000102256845933576,0.00318667873336445
"Et_1A_008214",42.6034721498992,-1.4269169681306,0.367606400738244,-3.88164342423037,0.000103752932202033,0.00322380623406023
"Et_3B_030874",16.5058972967548,-2.81706214851835,0.725951532012727,-3.8805099573355,0.000104237677116329,0.00322702157685665
"Et_7B_054818",105.083877527122,-1.29451945912123,0.333591237218094,-3.88055594600316,0.000104217967809657,0.00322702157685665
"Et_9B_065816",78.2223874337399,-1.29044059180578,0.332492212370087,-3.88111523757865,0.000103978554208876,0.00322702157685665
"Et_7B_053565",8.63991145622562,-2.19586484867308,0.566189158192685,-3.87832373138764,0.000105178694132903,0.00325377363721086
"Et_2A_016849",295.616636540298,-1.0507802592906,0.270951581055483,-3.87811082407168,0.00010527076294554,0.00325424301523393
"Et_2B_020511",12.9203148767123,-1.40571860365969,0.362588570098395,-3.87689717653874,0.000105797042079897,0.00326574093422411
"Et_6B_049364",336.885448683675,1.56612759387719,0.404075659037761,3.87582760517339,0.000106262902078291,0.00327379910829193
"Et_1A_009527",16.0882081398039,-1.37597691844563,0.355212599569729,-3.87367148606877,0.000107207906677153,0.0032924808494754
"Et_1B_013739",67.8476174127429,-1.82315530358728,0.470733699964144,-3.87300782528668,0.000107500374685579,0.00329906878657991
"Et_10B_004416",220.370396585736,-1.07726485202758,0.278162168030259,-3.87279427556946,0.000107594643681367,0.00329956907289524
"Et_9B_065090",83.2781239559738,-1.40041109494821,0.361656918756244,-3.87220877666129,0.000107853505502351,0.00330511249301917
"Et_1A_006212",160.482073472844,-1.28432899998594,0.331722341785761,-3.87169882218971,0.000108079446166285,0.00330668481327171
"Et_2A_017055",26.4852436129828,-1.22348653662365,0.316020876028615,-3.87153707058537,0.000108151205148336,0.00330668481327171
"Et_2B_020683",67.8480580482191,-2.97060708829022,0.767329539045022,-3.8713576594318,0.000108230851140281,0.00330668481327171
"Et_1B_011575",8.88340078141177,-1.81168733970011,0.468033130125281,-3.87085277321108,0.000108455282379319,0.00330679218320807
"Et_2B_019607",97.1947963480005,-1.68558907247792,0.43606445524533,-3.86545853990691,0.000110880684271192,0.00336619121833346
"Et_2A_014613",145.826261246517,-1.29354064928753,0.334835454317076,-3.86321290833975,0.000111905392956648,0.00338941837403429
"Et_6B_049411",7.17298604530789,2.57193217110043,0.665724822716185,3.86335627475455,0.000111839707094461,0.00338941837403429
"Et_7B_055686",160.896374822469,-1.181881811151,0.305942845789691,-3.86308040019816,0.000111966136268902,0.00338941837403429
"Et_2B_021506",77.9171743778838,-1.0609176169248,0.274804750086416,-3.86062328468186,0.000113098158601055,0.00341391873894197
"Et_3A_025067",235.412201812396,1.8789168462182,0.486738217204564,3.86022050417409,0.000113284751118221,0.00341711380422174
"Et_1B_009984",336.460613909434,-1.30776945965289,0.338834905075761,-3.8596066699813,0.000113569675136461,0.003421858823091
"Et_1B_010153",58.011728803036,-1.15180419505902,0.29843095080366,-3.85953330898576,0.000113603772363962,0.003421858823091
"Et_4A_035449",15.6265789317633,-1.87146841857487,0.484920826787141,-3.85932778135009,0.000113699350337324,0.00342230192480481
"Et_10B_004478",853.799779012995,-1.56116821175465,0.404593454865825,-3.85860965613589,0.000114033901019928,0.00342993226095476
"Et_1B_014367",87.484629030248,1.20757294808677,0.313160314940766,3.85608549510874,0.000115217205808683,0.00346085571163865
"Et_2B_021687",688.120992165281,-1.74831641436384,0.453393592248476,-3.85606776155252,0.000115225559964529,0.00346085571163865
"Et_6A_047920",526.444281825579,1.9934761779628,0.517021217847262,3.85569510331336,0.000115401248887281,0.00346247676389639
"Et_3B_028076",904.737864536729,-1.64977022023517,0.427948501783283,-3.85506717130799,0.000115697857713144,0.00346765817168574
"Et_1A_006066",25.8185423135031,-3.31559964797867,0.860902147891518,-3.85130837006166,0.000117488445912706,0.00350395421495824
"Et_6B_049367",44.9998529487852,1.27475188893675,0.33127183243899,3.84805396689294,0.000119059829310009,0.00353835110702218
"Et_4A_035168",311.021591377208,-1.17175894621777,0.304732264182802,-3.84520802009614,0.000120450212503255,0.00357214645629835
"Et_4B_038753",166.394290216787,-1.26933788372222,0.330212016474653,-3.8440087592017,0.000121040682392294,0.00358212704814117
"Et_4A_033064",158.513130289157,-1.77303389981696,0.461619879055628,-3.84089589782007,0.000122586096486882,0.00361713807696552
"Et_5A_041637",140.668664701041,-1.1253592073657,0.29299600501402,-3.84086877673248,0.000122599642427642,0.00361713807696552
"Et_10A_001816",193.133570061779,1.02737759579365,0.267539289229852,3.84009989243485,0.000122984258184926,0.00362443858383432
"Et_4A_032702",13.308411974972,-2.76784366243552,0.721065663173584,-3.83854592417225,0.000123765068479322,0.00363731784586451
"Et_1B_012773",32.7414463794272,-1.29330310135498,0.337066073233863,-3.83694238030792,0.000124575686286848,0.00365606313707309
"Et_4B_037708",7.68850465677942,-1.79713399358352,0.468570117685563,-3.83535766740783,0.000125381699707335,0.00367462155928976
"Et_4B_037278",28.5641863769894,1.80766611423934,0.471469475103041,3.83411060460334,0.000126019431735377,0.00368820356226914
"Et_3B_028589",10.0409528068262,-2.45134031400867,0.639650534453184,-3.83231183587495,0.000126944686677819,0.00371112555905242
"Et_4B_039952",656.750988130862,-1.14086659283572,0.297744208984235,-3.83170036027846,0.000127260674545169,0.00371425637707004
"Et_7A_051030",30.1484696488302,-1.19511591742133,0.311967063727055,-3.83090414463418,0.000127673240412695,0.00372116496850223
"Et_8B_060006",307.281557378322,-1.43525948833925,0.374683014411094,-3.83059661937201,0.000127832924430347,0.00372218159561914
"Et_10A_000918",7103.0397308592,-1.19075726984451,0.311023641418054,-3.82851047725979,0.000128921143735705,0.00374464159429996
"Et_8A_057274",41.7918533601935,2.05624104227848,0.537080541796582,3.82855248376747,0.000128899145509357,0.00374464159429996
"Et_7A_052705",54.3960330430704,-1.08208432567366,0.282712812316667,-3.82750366637652,0.000129449456521182,0.00375740809326228
"Et_2A_015109",24.8533099772504,-1.23233429506064,0.322197197439565,-3.82478278785088,0.000130887433071394,0.00379394258053521
"Et_10A_001356",48.5812023354197,-1.11261351696482,0.290963435196091,-3.82389462859821,0.000131360072203028,0.00380150307004154
"Et_1A_009285",72.5776933617531,-1.72037596550957,0.44991423668538,-3.82378645802359,0.000131417745545151,0.00380150307004154
"Et_7A_051521",3743.02772407045,-1.38772787164443,0.363151560535764,-3.82134629849061,0.000132725123885258,0.00383634964795444
"Et_4A_031941",86.8168084958226,-1.49066452092772,0.390552573443753,-3.8168088556774,0.000135188819258292,0.00389461595031376
"Et_8B_059583",19.6492292852083,1.35364338172546,0.354847909299978,3.8147142656014,0.000136340596443324,0.00392245686028652
"Et_7A_051399",10.5360597035869,-1.76354509611933,0.462456599792825,-3.8134283236727,0.000137052285919074,0.00394025322017337
"Et_1A_004592",517.954827114792,-1.56177817652546,0.409611335033896,-3.81282948724117,0.000137384897902424,0.0039471343375632
"Et_4A_035688",36.1972601637547,-1.18636607574199,0.311240467297053,-3.81173465663032,0.000137994967009632,0.00395928610430346
"Et_4B_038885",55.1697340482741,-1.41856716864406,0.37219167296514,-3.81138878616697,0.00013818822517459,0.00396214477600858
"Et_4B_036730",352.850461306279,1.28067880704853,0.336081941868068,3.81061475641935,0.000138621645211525,0.00396919352188885
"Et_8B_059091",160.736416020251,-1.25265427578876,0.328760435372893,-3.81023426486205,0.000138835171620586,0.00397261965042814
"Et_10A_001357",50.5682927042516,-1.05063424016686,0.275755153167499,-3.81002577140848,0.000138952306515225,0.00397328487278671
"Et_4B_036122",90.3687675616344,-1.19726180437252,0.314347170668226,-3.80872460797859,0.000139685426443063,0.00399155114589494
"Et_6B_048595",358.169631971577,-1.09238582374944,0.286851926809918,-3.80818715738768,0.000139989306421472,0.00399753538984932
"Et_1B_011151",78.7354549261979,-1.18373314367377,0.310998780200572,-3.80623082479727,0.000141100703130282,0.00402655546626671
"Et_3A_023664",1364.62809691249,-1.47679126207161,0.388086388065794,-3.80531579433092,0.000141623381611379,0.00403874764810888
"Et_1A_005994",95.2291587934891,-1.63010811825554,0.428413429969935,-3.80498836922535,0.000141810854107534,0.00404003964679573
"Et_1B_011468",83.0856824220929,1.6136440410088,0.424114503938249,3.80473675393035,0.000141955079271863,0.00404003964679573
"Et_4A_032032",104.156249268175,-1.33960941700708,0.352236443212843,-3.80315394054103,0.000142865515993978,0.00406048934645073
"Et_8B_060715",36.4826051101228,-1.58317124969736,0.416342624764519,-3.80256825875754,0.000143203792781245,0.00406737215469952
"Et_1B_009908",115.223645857705,-1.08535860109395,0.285596163325473,-3.80032626648784,0.000144505700903849,0.00409336095197515
"Et_5B_043187",76.973973888283,-1.45664597346464,0.383359158422047,-3.79969003338897,0.00014487718207779,0.00409587848237138
"Et_3B_031512",75.015309193992,-1.14215062691173,0.300642603670962,-3.79903118508699,0.000145262815395388,0.00410381999167745
"Et_5A_042868",1173.16190955465,-1.50611453742537,0.396526558730785,-3.79826900434157,0.000145710136506749,0.004109908226994
"Et_1B_009818",35.0377159474149,-1.39679466676374,0.368038901337426,-3.795236486382,0.000147502789508021,0.00415576691890742
"Et_2B_018952",18.2495300320426,-1.82000877598018,0.479588231747762,-3.79494044161077,0.000147678902615988,0.00415576691890742
"Et_4B_037866",10.5183428137429,-1.48695985856787,0.392052329567128,-3.79275863558738,0.000148982949487131,0.00418378130212036
"Et_2B_019596",85.0303608799531,-4.15728452007426,1.09708885310862,-3.78937814224848,0.000151024872844553,0.00423550206678694
"Et_4A_031850",10818.8339927186,-1.11967016009549,0.295529439457217,-3.78869246377597,0.000151442245192096,0.00424439458048312
"Et_2A_017322",10.739530321886,1.47750455766495,0.3903122728097,3.78544222304104,0.000153435480961821,0.00428323849228514
"Et_6A_048153",425.433321557993,-1.12750950383079,0.297911030134748,-3.78471889181415,0.000153882416354821,0.004292883230149
"Et_1A_008941",10.65626442242,-2.29650083165198,0.60694076388941,-3.78373140887011,0.000154494545754819,0.00430428517204999
"Et_8B_059077",14.5926255315992,-1.64044719503834,0.433534736703772,-3.78388870869012,0.000154396884166194,0.00430428517204999
"Et_3A_023179",188.187073692879,-1.51063038212898,0.399309193804537,-3.78310944392739,0.000154881270353528,0.00430938551042821
"Et_3B_030821",37.9965833030491,-1.28670475879657,0.340110995138034,-3.78319071476757,0.000154830686169874,0.00430938551042821
"Et_4A_033008",1582.91727582436,-1.12334288626416,0.297222548066238,-3.77946724961734,0.000157164262273595,0.00436143710125805
"Et_3A_024024",26.1086035637417,2.1253722456289,0.562410975260021,3.77903764172858,0.000157435626631098,0.00436610466515602
"Et_10A_000582",35.1447270424,-1.49403467009055,0.395427023324486,-3.778281659988,0.000157914217974144,0.00437364509467654
"Et_2A_015401",72.6391830715709,-1.592374014462,0.421445667289606,-3.77836133588192,0.000157863712873256,0.00437364509467654
"Et_7B_055777",105.317504960692,-2.48342978763306,0.657549494178696,-3.77679522168131,0.000158859236896712,0.00439406725847637
"Et_2B_022155",53.1406097254389,-2.03968470909696,0.54013048855637,-3.77628138442715,0.000159187150406581,0.00440026140117994
"Et_7B_054651",43.7566545539756,-1.38190708490736,0.365977351565664,-3.77593607635968,0.000159407872052763,0.0044026449483794
"Et_3A_026850",25.3319964139725,1.62411168842143,0.430194729143396,3.77529425257108,0.000159818892520134,0.00440621207260722
"Et_Un_067655",92.9476340547512,-1.7780691688166,0.471088765680093,-3.77438244838988,0.000160404522029236,0.00441947875799302
"Et_2A_016240",41.2757114326941,-1.09784509946314,0.291120139213799,-3.77110667241361,0.000162525174614516,0.0044691782908943
"Et_2B_019352",176.657466114835,-1.0970935945647,0.290946120813882,-3.77077924770307,0.000162738584938988,0.00447214085364803
"Et_1B_011776",1126.66152832002,-1.43918448678412,0.381706742404448,-3.77039314977358,0.000162990576325899,0.00447325628411935
"Et_10A_000638",1723.67595513694,-1.25209285528279,0.332149542488096,-3.76966605434258,0.000163466120773431,0.00448216276340554
"Et_3A_026714",40.1135489863901,1.0107603880694,0.268237291327878,3.76815760055488,0.000164456866006135,0.00450182054940468
"Et_10A_000835",57.676170652103,-1.16103989801939,0.308206786813203,-3.76708089404621,0.000165167494157559,0.00450975740999505
"Et_3A_023764",1089.20143175653,-1.14703150760923,0.30469681879449,-3.76450109373436,0.000166881937890727,0.00453670647781571
"Et_3A_026441",45.5855385278769,-1.99356149178287,0.529597165792259,-3.76429788630112,0.000167017691220153,0.00453670647781571
"Et_4A_032967",325.970990512542,-1.06474554349338,0.282951534830458,-3.76299617576336,0.000167889770071386,0.00455647247501643
"Et_2A_017717",645.320763666278,-1.18110775281321,0.314175009600633,-3.75939433984449,0.000170325191570949,0.00461470045280573
"Et_Un_067471",15.6754136088577,-2.57518906338087,0.68504838834198,-3.75913454758077,0.000170502131751124,0.00461653884562224
"Et_2A_018403",30.203419744558,-1.71598746063504,0.456608052442403,-3.75811913840809,0.000171195369875437,0.00463234530251183
"Et_5B_043737",268.565245878767,-1.19985365310742,0.319579852909741,-3.75447213640935,0.000173707166273817,0.00469430860581606
"Et_2B_019853",1096.90822462822,1.18791754967274,0.316607806618824,3.75201597951412,0.000175418280285524,0.00473148605588488
"Et_8B_059894",143.846007323072,-1.35897081903442,0.362191778634521,-3.75207527944946,0.000175376782131661,0.00473148605588488
"Et_5A_042765",25.2329924277777,-1.81137098771431,0.482849193995934,-3.7514217901533,0.000175834604734245,0.00473784828100448
"Et_6B_049926",74.5662842414408,-1.55667760971791,0.415022808837155,-3.75082423561138,0.000176254223985339,0.00474496104265874
"Et_7A_051202",256.953136760984,-1.52206588057178,0.405925001134204,-3.74962339426973,0.000177100337127434,0.00476470837077751
"Et_6A_046865",11.8214828524124,-1.28136409643423,0.341773817497385,-3.74915815909168,0.00017742916731916,0.00477052246565874
"Et_9B_065668",97.12090361744,-1.19473840455778,0.318690925677283,-3.74889370326034,0.000177616341661809,0.00477252290738271
"Et_1B_012999",25.9965335638372,1.02654621702572,0.273874170801015,3.74824034710291,0.000178079564942305,0.00477918121111851
"Et_2A_015154",12.6815240572959,-1.5847149599894,0.422790703835456,-3.74822564832492,0.000178089999289553,0.00477918121111851
"Et_4B_036640",336.555976298613,-1.21011169268881,0.323048513775599,-3.74591320215577,0.000179738733923227,0.00480884085296531
"Et_5A_040191",66.6330060482579,-1.59512426553559,0.425834458730657,-3.74587878653689,0.00017976337971151,0.00480884085296531
"Et_1B_012249",1247.07691694736,-1.30577491457191,0.348663998532092,-3.7450809950822,0.000180335587215006,0.00481820194160522
"Et_4A_033227",18.0752630030034,-1.60483282269565,0.42857266911059,-3.74459908053896,0.000180682064548232,0.00482426812093449
"Et_2A_018391",26.0221964043515,-1.32023041205928,0.352682254869775,-3.74339903363374,0.00018154757215238,0.00484126859073012
"Et_Un_067593",189.868171649062,-1.05338888503359,0.28150736576304,-3.74195851742041,0.00018259166077501,0.00486298243171708
"Et_1A_009446",5832.0886460507,-1.25703431297731,0.335987159007889,-3.7413165333137,0.000183058788168397,0.00487235717942551
"Et_10B_002991",15.3129838407636,-1.72720093055838,0.461742177470312,-3.74061763216212,0.000183568607367823,0.0048828557283509
"Et_7A_052366",17.4986005776175,-1.23592640811069,0.330646645783403,-3.73790698884123,0.000185558563475251,0.0049295909643896
"Et_4B_040038",115.393840299544,-1.50808665424406,0.403593862567407,-3.73664417157032,0.000186492539566836,0.00494569777583938
"Et_8B_058588",36.8693177249859,-1.56102589037601,0.417758904896913,-3.7366669437273,0.000186475658289586,0.00494569777583938
"Et_2A_015933",127.783195802089,-1.17575930420225,0.314815131647074,-3.73476108994771,0.000187893472455318,0.00497600234937988
"Et_4B_036234",96.3184628139179,-1.22656819383836,0.328449338358062,-3.73442126560535,0.000188147338615581,0.00497960936223352
"Et_5B_043971",14.9806362351136,-2.5311738956495,0.678112255459319,-3.73267681754993,0.000189455613711714,0.00501110098267484
"Et_5B_044441",65.7092500282323,1.0469504093366,0.280656260886619,3.73036541579078,0.000191202257382372,0.00505098597529462
"Et_4A_035537",111.82272387411,-1.29742098512808,0.348308796898572,-3.72491592713315,0.000195380326368545,0.00513571143597317
"Et_3A_023610",978.559961738339,-1.49331870833507,0.401092258355546,-3.72313022060707,0.000196767968305865,0.00516256690558226
"Et_4A_032703",37.7535219431325,-1.85115917066061,0.4972013095012,-3.72315827671033,0.000196746094965245,0.00516256690558226
"Et_1B_010539",11.4652427061712,-2.65457753584353,0.713784832893388,-3.71901645077408,0.000200000027457287,0.0052343853815661
"Et_3A_024791",48.6134150805265,-1.76320645865921,0.47419068275118,-3.71834901611597,0.000200529089137829,0.00524498828943939
"Et_1A_004664",204.704506088369,-1.38835585705868,0.373455394560137,-3.71759486482693,0.000201128471393906,0.00525741625039538
"Et_6A_047085",45.3674694760166,-2.32850561698693,0.626445121901973,-3.71701452461993,0.000201590858071212,0.00526345707516368
"Et_7B_054049",6.05243233427846,2.16608486056289,0.582776430046136,3.71683676429984,0.000201732688466812,0.00526345707516368
"Et_4B_039175",19.127617084856,-2.2139618860278,0.596025894363507,-3.71453976574638,0.00020357385691127,0.0053082228123752
"Et_4A_035829",654.325879602505,-1.0701515659712,0.288164688011994,-3.71368044209033,0.000204266699633496,0.00532300906926696
"Et_1B_011900",57.2885089606759,-1.16659674655301,0.314156997199433,-3.71341958623457,0.000204477456480841,0.00532522212816565
"Et_7B_053286",854.853260506525,-1.18067172043708,0.318119991069823,-3.71140372683445,0.00020611305947901,0.00535792670586714
"Et_2A_018233",55.7139089616654,-1.49242472656762,0.40225424456363,-3.71015283676277,0.000207134161427525,0.00538116495494958
"Et_10A_000602",51.8457425887433,-1.954199501147,0.526832325319652,-3.70933864007169,0.000207801341196995,0.00539518574199805
"Et_1B_012334",40.1097322482873,-1.31494067891541,0.354514895286091,-3.70912674305055,0.000207975307353492,0.00539639178859582
"Et_7B_055729",20.1602383479729,1.67919760088814,0.452812930402043,3.7083693687749,0.000208598225865534,0.00540923830798371
"Et_6A_047197",550.870471257221,-1.56182463909236,0.421257182204975,-3.70753236993456,0.000209288671446512,0.0054238190910082
"Et_2A_016356",489.44644691505,-1.61892749132277,0.436876403958095,-3.70568764221485,0.000210817984352167,0.005456768867146
"Et_10B_004240",61.1571509619388,-1.07660370779327,0.290672170113577,-3.70384171065499,0.000212358795719708,0.00548658378196462
"Et_1A_006971",219.061253006622,-1.33359887733833,0.360197348849957,-3.70241169624446,0.00021355970120123,0.00551088204563175
"Et_4A_032698",720.111795876834,-1.65119831583168,0.4461389830929,-3.70108503943009,0.000214679508339777,0.00552831310593333
"Et_5B_045702",44.1097831834775,-1.25451529829828,0.338967251828684,-3.70099262253311,0.000214757720844858,0.00552831310593333
"Et_Un_068163",13.0698990039026,-1.96122273793935,0.529892699582832,-3.70116957543171,0.000214607988867259,0.00552831310593333
"Et_2B_021168",226.366873721681,-2.6739299903028,0.722918676076985,-3.69879777461724,0.000216623104957933,0.00556248707634425
"Et_6A_046901",88.07279158129,5.15393464744932,1.39383052332015,3.69767669829219,0.000217581758528158,0.00558064243691615
"Et_5B_045670",64.9090695242755,-1.08465897304907,0.293567297134215,-3.69475409433353,0.000220099693954152,0.00563497825053825
"Et_1A_006190",98.1688200563212,-1.02589091332504,0.277699809530207,-3.69424420945974,0.000220541772262347,0.00563947299223114
"Et_1A_007284",360.236227222234,-1.33404977987103,0.361271318995721,-3.69265344279056,0.000221926355559024,0.00566119551974557
"Et_1A_009485",22.096267373503,-1.35493570548658,0.367205812415181,-3.68985364522123,0.000224383104248565,0.00570795575054814
"Et_2A_018671",22.9532892544956,-2.70973920466384,0.73458021920157,-3.68882680724661,0.000225290508688014,0.00572286574290322
"Et_7A_053016",46.8565724562639,-2.51159778258718,0.680926380504942,-3.68850121612956,0.000225578948153353,0.00572675530044985
"Et_8B_059448",4.8737921326485,-2.50768165163199,0.680303189280416,-3.68612361539046,0.000227695783799695,0.00576438752809987
"Et_8B_059920",21.3350641255526,-1.61077829587498,0.436968583862518,-3.68625653047353,0.000227576955955301,0.00576438752809987
"Et_9A_061772",24.441809463766,-1.69295241975368,0.460059704038258,-3.67985373396861,0.000233367768886562,0.00587514811378901
"Et_7A_051163",186.126088539149,-1.0694743626067,0.290827318807192,-3.67735179416113,0.000235667919031176,0.00592248594619915
"Et_2B_022408",144.185220238854,-1.55928896367603,0.4240635995444,-3.67701676199344,0.000235977539863589,0.00592674747004576
"Et_9A_061348",39.2054710911989,-1.34273300343255,0.365651729226561,-3.67216369049517,0.000240505544357577,0.00601548146407367
"Et_Un_068147",40.2935730373752,-1.06853008385949,0.291029824597203,-3.67154838971704,0.00024108541900323,0.00602642346852729
"Et_3A_026086",40.7204867684534,-2.38502066458397,0.649804716459908,-3.67036527155019,0.000242204106472038,0.00604724353150246
"Et_6B_048567",220.113712584894,-1.45263890325582,0.395818620050982,-3.6699610116086,0.000242587466036431,0.00605324384590906
"Et_3B_031064",209.133147724803,-1.40599593594342,0.383432629432217,-3.66686564475591,0.000245541722963152,0.00611974423780955
"Et_1B_011028",64.2058624209978,-2.10232223415711,0.573354678055696,-3.6667045977305,0.00024569634811036,0.00611999379166007
"Et_4B_039906",25.1962172478204,-1.51911779115686,0.414335881039013,-3.66639207627259,0.000245996668165169,0.00612386999808821
"Et_7B_055898",137.314400601606,-1.36330454889491,0.371968541687472,-3.66510711553763,0.000247235083855358,0.00614385716309968
"Et_3B_028888",67.5081547762572,-1.20102186867095,0.327734782243145,-3.66461521249189,0.000247710714697438,0.00614485196131042
"Et_5B_044920",834.904304231928,-2.26066779580541,0.616890497954573,-3.66461763198026,0.000247708373147058,0.00614485196131042
"Et_8B_059813",151.410996046394,-1.49345772249582,0.407828888980151,-3.66197138763386,0.000250281818548797,0.00619777542229284
"Et_9A_061919",239.988896863788,1.34669634983226,0.367826756342983,3.66122454826674,0.000251012636581815,0.00621219577786106
"Et_3A_027338",120.556916419603,-1.0034464871621,0.274122166685111,-3.66058133603905,0.000251643654142826,0.00622053705801658
"Et_4B_036346",19.5218843173062,-1.46317114917628,0.399738082859807,-3.66032462733713,0.000251895911022299,0.00622313774341137
"Et_3B_029309",14.9749878920291,-1.45047504592347,0.396394924781235,-3.65916654135763,0.000253036864586406,0.00624283614725138
"Et_3B_030618",23.4870628821457,-1.32224572457753,0.361454194938908,-3.65812803694534,0.000254064125654022,0.00625843643636683
"Et_3B_028129",1230.39403040137,-1.45003684633586,0.396539770998545,-3.65672487953591,0.000255458304753162,0.00628911893958919
"Et_9A_063171",17.0958301496293,-1.3387720642307,0.366483289401613,-3.65302348823769,0.000259170513712968,0.00636200472177076
"Et_3B_027777",12.1091567614998,-1.59602467109538,0.437039820738753,-3.65189759687695,0.000260309690190539,0.0063825643620299
"Et_2A_017878",51.5192066706676,-1.24713097055065,0.341633305458009,-3.65049586977093,0.000261734518421264,0.00641119008048248
"Et_2B_021260",13.1071889588668,-1.66804358383583,0.456941771090081,-3.65045108451464,0.000261780162076411,0.00641119008048248
"Et_4B_039243",2160.68149808912,-1.94636128576774,0.533296664417363,-3.64967834159281,0.00026256889238599,0.00642678746430022
"Et_3B_027755",13.6636307792728,-1.3766065051406,0.377258322603758,-3.64897584137986,0.000263287859611773,0.00643322299005209
"Et_9A_063266",254.221265272249,-1.02454794977275,0.281029836146095,-3.64569101922733,0.000266674239234786,0.00649055441156498
"Et_4A_031932",40.509337541068,-1.05791155546052,0.290417178198308,-3.64273064707674,0.000269761076720274,0.00655731692521654
"Et_9B_065458",175.09917872545,-1.12448852558483,0.308706554833733,-3.64258065783691,0.000269918361397424,0.00655737373957462
"Et_3A_027164",12.9233535614634,-1.44791158915213,0.397690267972996,-3.64080216629904,0.000271789922555349,0.00658017707239266
"Et_3B_029946",7.79826244927069,-3.59210843941556,0.98648278616836,-3.64132906299138,0.000271234188888708,0.00658017707239266
"Et_7B_055982",74.482573574671,-1.11409882043976,0.306096901117807,-3.63969323561029,0.000272963033444041,0.0065934906252008
"Et_1B_013879",43.2326156274897,-1.9302612379413,0.53045773445126,-3.63885963494921,0.000273848002127723,0.00660732465795054
"Et_1A_008023",31.2916056972369,-1.60146293368318,0.440165788733091,-3.63831759458771,0.000274424886002166,0.00661629131709796
"Et_1B_014347",76.1514677428693,-1.53719388680061,0.422803354004831,-3.63571828898746,0.000277207141549703,0.00666178661577708
"Et_4B_036989",142.967288972428,-1.3167924751123,0.36236512238248,-3.63388304717256,0.000279187452630419,0.00669242403369676
"Et_8A_058257",288.813874780277,-1.11093058772179,0.305721082217884,-3.63380431490833,0.000279272704241694,0.00669242403369676
"Et_10A_001561",413.209623570252,-1.57744222569368,0.434265556356034,-3.6324368870747,0.00028075725722794,0.00672038864586336
"Et_9B_063840",63.1905045119361,-1.55391162569468,0.427830472908699,-3.6320732722241,0.000281153259803986,0.00672226325135859
"Et_9A_062632",185.446484099184,-1.0780051788419,0.296953108246843,-3.63022022300506,0.000283179505818506,0.00675925363014054
"Et_6A_046743",36.4588746436495,1.61495583799786,0.444885696271842,3.63004666486526,0.000283369984860782,0.00675998746296974
"Et_1B_012253",7.50404838260794,1.96092030065876,0.540287909482374,3.62939881911744,0.000284082052689481,0.00677164863428127
"Et_2B_022169",2312.03052513226,-1.17943308744671,0.325012786792573,-3.62888210979662,0.000284651185763691,0.00677908732781057
"Et_3A_025464",864.327863282181,-1.34309574321903,0.370206102316918,-3.62796759646405,0.000285661102270276,0.00679167294835848
"Et_3B_027883",12.2999744031298,-2.27369169970921,0.626793816610455,-3.62749542106967,0.000286183848750077,0.00679646491532169
"Et_9A_063046",1920.50971461275,-1.00714622100378,0.277812638964371,-3.6252714230649,0.000288658116634029,0.0068437039193009
"Et_9A_061544",282.513257793407,-1.06998749732408,0.295269142726215,-3.62377012187897,0.000290339676476819,0.00687971730599047
"Et_5A_040142",17.5591001293343,-1.61024791576109,0.444431016423911,-3.62316727738278,0.000291017482185345,0.00689191933188797
"Et_3A_025939",45.9660954834545,-1.35422765847883,0.373804934755891,-3.62281910313249,0.000291409625445638,0.00689734639197953
"Et_9B_064378",733.834842255893,-1.32832803286963,0.366719118528182,-3.6221946600462,0.000292114166257761,0.00690244082413648
"Et_10A_000772",63.4947431789582,-1.06704830300156,0.294963048752231,-3.61756602230498,0.000297386486235162,0.00700328501920471
"Et_1B_012869",13.6922813926987,-1.38802422881051,0.383663646804851,-3.6178153452118,0.000297100234995141,0.00700328501920471
"Et_2A_014966",212.304869596112,-1.34379669909267,0.371477074949362,-3.61744180115515,0.000297529202729014,0.00700328501920471
"Et_4B_036978",260.611889333849,-1.32329170696008,0.365751629354054,-3.61800632111227,0.000296881147364238,0.00700328501920471
"Et_9B_064227",12.1083841271048,-1.77722394974591,0.49134212223085,-3.61708037909868,0.000297944801998699,0.00700890718209279
"Et_4A_033343",460.002422655702,-1.67869845339272,0.464158694701849,-3.61664765209456,0.000298443110029046,0.00701401052234559
"Et_5A_042010",45.2922213675172,-1.53929889555329,0.425619951831238,-3.61660417687288,0.000298493217172599,0.00701401052234559
"Et_8B_060662",36.386408011512,-1.42541242912158,0.394197638156809,-3.61598419459469,0.000299208632459519,0.00702302236588288
"Et_1B_012862",87.6046812254345,-1.40531251711867,0.38883658553085,-3.61414684063256,0.000301338250730524,0.00706166389472079
"Et_4A_031871",91.9721508837374,-1.0004594036049,0.276818722342125,-3.61413200357314,0.000301355505526128,0.00706166389472079
"Et_7A_052375",42.8132384558862,-1.87626461683845,0.519385134901136,-3.61247269272656,0.000303291054015488,0.00708739779455299
"Et_8A_056969",10.3233174070812,-2.41302144932133,0.668915544223178,-3.60736339611244,0.000309324296641575,0.00720055238386769
"Et_2A_017695",28.0419896807933,-1.24008271849086,0.343900995403267,-3.60592942464939,0.000311037669110171,0.00723645638083696
"Et_5A_041086",950.678587738677,1.19185343707211,0.330573682390319,3.60540932494696,0.000311661300061995,0.00724300176750337
"Et_7A_051437",136.119022412416,1.03590576508526,0.287332563951888,3.60525013537523,0.000311852411838565,0.00724346546048741
"Et_2B_022607",502.074029204417,-1.33775866067355,0.37110351532891,-3.60481268814683,0.000312378145301477,0.00724772100282813
"Et_7A_051064",15.0292580036407,-2.65414218161377,0.736262620251343,-3.60488514371096,0.000312291009351627,0.00724772100282813
"Et_2B_022677",85.117585354403,-1.24593190679486,0.346242912427884,-3.59843295580633,0.000320140353818203,0.00739134739420968
"Et_2A_017714",9.24491307806574,-2.02872827097722,0.563850534843566,-3.597989441546,0.0003206866340365,0.0073980485086292
"Et_4B_036010",12.0929757073283,4.03896369876271,1.12258498298551,3.59791352991477,0.000320780222432292,0.0073980485086292
"Et_1A_009520",103.194435756465,-1.4033171965644,0.390060223071161,-3.59769367282648,0.00032105141965356,0.00740027019593608
"Et_5A_042828",43.7615463308898,-1.7115653674938,0.475998276992779,-3.59573857768349,0.000323472517864283,0.00744723105958062
"Et_4A_035555",12.5756538582748,-1.5685645438372,0.436907212069436,-3.5901548441089,0.000330481580793329,0.0075804772353245
"Et_3A_023434",13.475856878319,-1.35216651712582,0.376648125506775,-3.58999932710801,0.000330678815072023,0.00758089244520478
"Et_5B_045574",236.005225177789,-1.05760847224116,0.294653031352157,-3.58933511522964,0.00033152244165374,0.00759611788347931
"Et_3B_031184",21.4248453065315,1.40643320683426,0.39196071079786,3.58819944981573,0.000332969536522064,0.00762187627442271
"Et_5A_042710",40.4970640204599,-1.47028072117211,0.409757793767403,-3.58817023992156,0.000333006834390539,0.00762187627442271
"Et_6B_049822",27.2131321694999,-1.22579798957448,0.341882843013567,-3.58543288914279,0.000336519536182668,0.00767736214083586
"Et_7A_052958",130.328118444808,1.78060464747834,0.496796371236298,3.58417402093182,0.000338146588324033,0.0077061731921772
"Et_10A_000618",6.14834857367008,-2.18891105057269,0.611111494047614,-3.58185220191938,0.000341166797349109,0.00774659434454744
"Et_1B_010838",443.103086909479,-1.08202873316129,0.302088618238221,-3.58182555659223,0.000341201603455492,0.00774659434454744
"Et_6B_048508",108.412225192632,1.14424766502573,0.319485520604714,3.58153215475907,0.000341585086485621,0.00775114255231715
"Et_2A_015855",5.806921235567,-1.80745656178606,0.504681819291577,-3.58137839069217,0.000341786220695739,0.00775155030002341
"Et_4A_035959",147.41510439145,-1.36486392667497,0.381139157707623,-3.58101207675433,0.000342265831552887,0.00775750284860746
"Et_7A_051070",428.74407161612,-1.02856925250674,0.287237795469828,-3.58089801804925,0.000342415295869535,0.00775750284860746
"Et_9A_060882",291.843954002717,-1.17236092029753,0.327444894192777,-3.58033043449236,0.000343159974637648,0.00776203165936485
"Et_1A_008543",231.851163540833,-1.23843932527802,0.346222272219524,-3.57700652051864,0.000347551507431782,0.00785284559237215
"Et_4B_039517",61.4977458084935,-1.41426941594049,0.39554195011063,-3.57552319177505,0.000349528187214627,0.00788487893546004
"Et_4B_040013",46.8227845317064,-1.01064643190253,0.282812411388305,-3.57355756397443,0.000352163779812449,0.00793587388799938
"Et_10B_004486",140.827167784439,-1.60491657741697,0.449169472082128,-3.57307581474175,0.000352812558513103,0.00794035011944815
"Et_4A_032859",41.9839331010528,-1.79165135421331,0.50143830422287,-3.57302451592728,0.000352881709188682,0.00794035011944815
"Et_2B_019598",32.3802335400028,-3.60255476992269,1.00859162861288,-3.57186661848195,0.000354445928303728,0.00796186395213045
"Et_2B_022271",45.3666854351456,-1.51060870959176,0.42314078244989,-3.56999082160239,0.000356993735991152,0.00800974573808367
"Et_4B_036951",142.212479162255,1.56390108498211,0.438089506771548,3.56982091743559,0.000357225352849828,0.00800974573808367
"Et_1A_006197",124.600515371753,-1.29822700886414,0.363911946727131,-3.56742069212026,0.000360512441070083,0.00804688106861071
"Et_2A_017779",150.449414605307,-1.02689457720318,0.287809863878863,-3.56796172085121,0.00035976904707402,0.00804688106861071
"Et_3A_024013",23.8900558768229,-2.75593901992247,0.772418285507558,-3.56793601553792,0.000359804334689886,0.00804688106861071
"Et_1A_005330",11.149776279329,-1.71508155026166,0.481050590623508,-3.56528311926336,0.000363463618460589,0.0081023165490178
"Et_4A_034823",62.4797080739586,-2.34358333035904,0.657348628671358,-3.56520608416864,0.000363570395240662,0.0081023165490178
"Et_3B_027810",34.9463342662685,-1.66560163749544,0.467248755909401,-3.56469999423262,0.000364272605840013,0.00811275341803408
"Et_6A_045968",57.5941599672497,-1.62645064047218,0.456279562754977,-3.56459235353828,0.000364422123054886,0.00811275341803408
"Et_10A_001179",313.978687429845,1.04730510320315,0.293865915683207,3.56388763483601,0.000365402423910191,0.00811971588915132
"Et_3A_023143",106.98540724371,1.42594206715716,0.400132104261025,3.56367822519674,0.000365694198599301,0.00811971588915132
"Et_7A_052094",657.09884209069,-1.18297136410988,0.331950606257825,-3.56369695312763,0.000365668095727211,0.00811971588915132
"Et_4B_037630",3221.42647534958,-1.17171157544239,0.329098696607897,-3.56036528712971,0.000370339262852586,0.00820133835893326
"Et_9B_065150",10.3342038458834,2.0262887516195,0.569241024291375,3.55963232646829,0.000371374370252111,0.00821394194908222
"Et_4B_036460",563.789543457393,-1.00332082685667,0.28192031656622,-3.5588808890295,0.000372438378432527,0.00821772271911603
"Et_3B_029713",75.3921438996571,-1.53301803157671,0.430795750606105,-3.55857277937361,0.000372875473788626,0.00821887808607724
"Et_7A_053038",42.266384015481,-1.30814600131879,0.36760438420515,-3.55857018448603,0.000372879157024298,0.00821887808607724
"Et_10A_000528",186.934042683456,1.18700287568681,0.3335980773665,3.55818260422028,0.000373429678343369,0.0082246040938647
"Et_1B_010109",153.988152844207,-1.02651668835211,0.28850024867684,-3.55811370374917,0.000373527624489791,0.0082246040938647
"Et_5A_042772",16.1013951400917,-1.24573911724919,0.350244115592657,-3.55677386653947,0.000375437064054157,0.00825805434031805
"Et_7B_055205",124.582436919084,-1.25198587542735,0.352441699941761,-3.55232049906194,0.000381849448882942,0.0083568594094146
"Et_8B_060559",173.525891208764,-1.20721391680335,0.340106897888387,-3.54951318041047,0.000385944144353313,0.00841915267475887
"Et_4B_036149",163.130176100369,-1.32342755048722,0.372960619253025,-3.5484377764543,0.000387523548061618,0.00844490038824288
"Et_1B_013716",77.4838965299197,-1.12385645424273,0.316843636676274,-3.54703811012939,0.000389588230607617,0.00846450443545035
"Et_7A_052227",33.594715977876,-1.04586163814801,0.29485976181714,-3.54697986494545,0.000389674371906559,0.00846450443545035
"Et_7B_053369",30.3585549152671,2.23869996647964,0.631174566286068,3.54687924079784,0.000389823231207295,0.00846450443545035
"Et_4A_035393",62.6090005103083,-1.59249380360573,0.449111501125888,-3.54587624590657,0.00039130992879767,0.00848807595423751
"Et_1B_013751",7.54630656229828,-1.99385411950352,0.562631294532566,-3.54380237800318,0.000394400755329832,0.00854453702938771
"Et_2A_017363",208.218691679759,-1.12130915409842,0.316421162918003,-3.54372363642756,0.000394518557547816,0.00854453702938771
"Et_9A_063377",19.4185981879962,-1.25826886235447,0.355157580324865,-3.54284670259191,0.000395832728046261,0.00855125621758787
"Et_1A_005623",1278.41704828665,1.64869398881376,0.46539732496206,3.54255149392654,0.000396276046320653,0.00855632769402552
"Et_1A_007428",1447.78572855497,-1.42660673077242,0.402940599920998,-3.5404889233106,0.0003993863997262,0.0086103068957783
"Et_7A_052779",20.325546198498,-1.17658065645998,0.332712711332441,-3.53632613478469,0.000405733471014104,0.00871606116412023
"Et_1A_009592",16.8201465398295,-1.33538891832716,0.377644128341713,-3.53610401462096,0.000406074775137129,0.00871896726727717
"Et_6B_049487",170.119682077119,-1.0053641769376,0.28454967071045,-3.53317638508404,0.000410598430717203,0.00879378825301216
"Et_1A_004935",177.706682038423,-1.04611237816816,0.296162801340295,-3.53222070237703,0.000412085274408782,0.00881225306365823
"Et_10A_001836",6.81078829232374,1.71911471129239,0.48687609894571,3.53090799695239,0.00041413577015094,0.00883823791870287
"Et_3A_025055",108.577860268457,-1.15719880111049,0.32777308953639,-3.53048751728598,0.000414794587812893,0.00884337881926531
"Et_3A_023666",103.355789924035,-1.23692663892803,0.350470043628979,-3.52933627684735,0.00041660339128588,0.00887300227439277
"Et_3A_027031",46.7995107029926,-1.97453776045266,0.55978896795555,-3.52728952066352,0.0004198374119784,0.00892840164569141
"Et_7A_052790",69.4221538039755,-1.37997560503018,0.391381451184176,-3.52590957199143,0.000422031044725202,0.00897054435598722
"Et_4B_039951",54.1755374816654,-1.63086507508832,0.462636887312975,-3.52515140883057,0.000423240808261492,0.008991742472704
"Et_4A_035281",1276.08903787619,-1.04236402030264,0.295743032920818,-3.52455985186883,0.000424186974673491,0.00900732201113002
"Et_3A_026672",120.243599141068,-1.60537574350947,0.455639477605762,-3.52334646669601,0.000426133908638062,0.00903506363404949
"Et_4A_035330",155.700598591379,-2.34038572717636,0.664292769333385,-3.52312389238396,0.000426491944057065,0.009038126726337
"Et_2A_017326",54.6334593372673,-1.48589063920073,0.42179827521196,-3.52275181413213,0.000427091100429437,0.00904176856937157
"Et_1A_008302",28.2867110150303,-1.63061377008445,0.462901930739731,-3.52259012503726,0.000427351712734711,0.00904276224146648
"Et_3B_030477",366.49328268425,-1.62131110495119,0.460425968106112,-3.52132854630288,0.000429390244451437,0.0090690606368841
"Et_6B_048747",23.4916114516841,-1.48323512870507,0.421185844761074,-3.52156927198364,0.000429000566444418,0.0090690606368841
"Et_Un_067752",66.4049483073399,-1.78474408403043,0.5068627799666,-3.52115829879644,0.000429666034427047,0.0090690606368841
"Et_6B_048813",75.1111679104506,-1.15140621476327,0.327060445648236,-3.52046916734664,0.000430784073404461,0.00908359839884245
"Et_6A_048167",8.60386741700936,-1.42811051423577,0.405844123728171,-3.51886458553802,0.000433397862305093,0.00912961549664088
"Et_4A_035803",249.502272535966,-1.05433762832859,0.299773139607405,-3.51711841064011,0.000436259118920546,0.00918074883775112
"Et_10A_001590",86.9615170206245,1.26402070274656,0.35955632726556,3.51550120772311,0.000438924763482297,0.00922999203864324
"Et_4A_034865",497.436335980107,-1.04202856353974,0.296447627077656,-3.51505111986198,0.000439669345923025,0.00922999203864324
"Et_1A_005707",21.0338027120903,-1.22674146378329,0.349073152202169,-3.51428190923377,0.00044094458465754,0.00924716294484989
"Et_2A_018177",128.848766071058,-1.26151124172033,0.35914231048519,-3.51256648100323,0.000443800959480514,0.00929324918615307
"Et_2B_020648",3425.22285523504,-1.24751525881147,0.355381241411644,-3.51035764818677,0.000447504345541608,0.00934767221289281
"Et_3A_024848",11.1586629242818,-2.11616811397135,0.602909065378754,-3.50992916758011,0.000448226079158634,0.00935608288961426
"Et_7A_052307",157.929074082579,-1.51598715109574,0.431939003121526,-3.50972507724481,0.000448570231167943,0.00935608288961426
"Et_7B_053376",25.5609211811431,1.11923463439644,0.318892557833586,3.50975463961911,0.000448520365666782,0.00935608288961426
"Et_2A_018826",285.919936276822,-1.37710943760672,0.392396761601428,-3.50948216796322,0.000448980163952893,0.00936001996969774
"Et_1A_006490",78.9363170054603,-1.50336910745837,0.428402748338214,-3.50924244368174,0.000449385064507357,0.00936384831607649
"Et_8B_059659",105.440965621671,-2.64021220362611,0.752462351722964,-3.50876319271076,0.000450195553737789,0.00937611999713742
"Et_4B_038368",10.2066733556629,-1.54242923453064,0.43971125451632,-3.50782296038181,0.000451789600492457,0.00940269805316905
"Et_9A_062448",632.278585585749,1.2277613445995,0.350014074479743,3.50774849961228,0.000451916064275658,0.00940269805316905
"Et_7B_054655",20.211186973274,-1.10620823945796,0.315438050823667,-3.5068953684232,0.000453367377398531,0.00941900216568769
"Et_10B_003544",6.28675812912963,-2.34502727373898,0.668845347179995,-3.50608295867819,0.000454753458835548,0.00944316309024552
"Et_3A_026511",123.932873172839,-1.22089054324929,0.348299260112311,-3.50529180812962,0.000456107068978635,0.00946662636546143
"Et_6B_049613",195.224223081207,-1.3495260772938,0.38539594157527,-3.50166136098303,0.000462366891604565,0.00956371791432317
"Et_7B_053321",220.858959291386,1.49013299719074,0.425673008408606,3.5006518331093,0.00046412176798457,0.00958596057643094
"Et_6A_047824",23.4566776704441,-1.46197222887278,0.417721073641593,-3.49987664286998,0.000465473507821138,0.00960918968341002
"Et_10A_002235",24.6789793917607,-1.16808906812124,0.33385427495767,-3.49879919395772,0.000467358413280225,0.00962931258520893
"Et_1A_004866",30.2900545928812,-1.14925587776749,0.328461849052385,-3.498902174128,0.000467177950902073,0.00962931258520893
"Et_2A_014864",22.7766722598149,-1.3177500145623,0.376627496182267,-3.49881521641367,0.000467330331268154,0.00962931258520893
"Et_1B_009683",67.220469576007,-1.22413345680976,0.349897384982104,-3.49854988734016,0.000467795567360552,0.00963362939693361
"Et_6A_046601",8.79794725698202,2.09481379791889,0.598951807594328,3.49746635932639,0.00046969994728589,0.0096681428838224
"Et_1A_008020",159.622047384397,-1.14345028498742,0.326955972491677,-3.49726073597425,0.000470062160910671,0.00967089482243053
"Et_4B_038059",27.4702512441923,1.046264580863,0.299366176683666,3.49493250190573,0.000474181656583409,0.00971314990639394
"Et_9B_064110",119.77932866058,-1.40401212206861,0.401759690999302,-3.49465651612881,0.000474672202537689,0.00971849424837688
"Et_4B_038070",17.1333943278227,-1.29929831159059,0.371839853493358,-3.4942416725479,0.000475410449426246,0.00972420020286067
"Et_8B_058542",8.07526714996563,-1.81499506877614,0.519420300839002,-3.49427056633027,0.000475358995980038,0.00972420020286067
"Et_2B_022082",13.5915694452634,-1.78683203380206,0.511461097411356,-3.49358346674989,0.000476583976694642,0.00974349463464602
"Et_5A_040952",26.5432386497456,1.66205636584889,0.475907542226745,3.49239341337652,0.000478712606787202,0.00977756637028687
"Et_4B_036144",34.660465719122,-1.09998870698814,0.315048028466158,-3.49149528833283,0.000480324937297561,0.00979631390189532
"Et_5A_042024",202.274833960349,-1.59882703471719,0.457910278782215,-3.49157271369661,0.000480185742619717,0.00979631390189532
"Et_2B_020972",7.49346861038535,2.69913352731236,0.77316667704099,3.49101119779541,0.000481196084861952,0.00980935371452689
"Et_10B_002857",83.3917103426187,-2.21782183672706,0.635476571581561,-3.49001353615192,0.000482996081871262,0.00984130678131527
"Et_10B_002929",132.34636900149,-1.05769555401665,0.303133370233119,-3.48920857246184,0.000484452985621615,0.00986149608057082
"Et_4A_033606",30.312606221805,-1.07196704355317,0.307275976677036,-3.48861324971028,0.000485533095567474,0.00987873105981515
"Et_6A_047079",38.680360889727,-2.3979452635784,0.687446922513851,-3.48818968424444,0.000486302948652071,0.00988963997451016
"Et_1B_011033",226.221976395547,-1.09613671736507,0.31438885023947,-3.48656358687702,0.000489269055145655,0.00994040634362175
"Et_8A_056359",10.4513045606201,1.72312789720281,0.494339822813431,3.48571532715286,0.000490823023196205,0.00996719306221853
"Et_2A_016466",40.7785560657322,-1.02669113491199,0.294651450997713,-3.4844258578586,0.000493194082727991,0.00999711631120746
"Et_3A_024677",1185.65910395416,1.48111009561688,0.42508293662591,3.4842849900614,0.000493453754759463,0.00999711631120746
"Et_4A_033460",9380.64706858997,-1.00718977283187,0.289067492636791,-3.48427200735915,0.000493477693150104,0.00999711631120746
"Et_1A_005579",10.4747993145868,-2.15207372574434,0.617762675404784,-3.4836577401414,0.000494611559389009,0.0100152924370062
"Et_1B_010862",57.2852228270643,-1.37166362977279,0.393766578900042,-3.48344349996497,0.000495007593042761,0.0100185180954422
"Et_2A_018208",28.7416054953089,-1.07288877081422,0.308037980082748,-3.48297560750791,0.000495873543854158,0.010031246833608
"Et_10B_004306",125.384308533074,-1.2886215837126,0.370213051778614,-3.48075676295494,0.000499999330612825,0.0100857824935819
"Et_7B_055831",24.543969326023,-1.35530334363778,0.389369670398761,-3.48076249043687,0.000499988639678557,0.0100857824935819
"Et_8B_060090",91.3462596058214,-1.00104071626535,0.287622008561806,-3.48040374681633,0.000500658683119534,0.0100942713052019
"Et_2A_018813",69.3094960398094,-1.49011489406607,0.428365607641224,-3.47860534899456,0.000504030277165394,0.010152575597163
"Et_2A_017571",117.912728315449,-1.85370767643383,0.533033876978117,-3.47765452909466,0.000505821394785606,0.0101789640643494
"Et_2A_017995",10.9107247497714,1.57857669149124,0.453903510836676,3.47778030749633,0.000505584118231797,0.0101789640643494
"Et_4B_036437",31.8186766924673,-1.48679720628929,0.42759659116164,-3.47710257055639,0.000506863873159902,0.0101902513596803
"Et_3B_031633",59.5381741157261,-1.5314741361122,0.440781187493925,-3.47445439951609,0.000511893361986127,0.0102626861350603
"Et_9A_061561",84.5827202830932,1.08707940118911,0.312879070751575,3.47443949695264,0.000511921796576375,0.0102626861350603
"Et_1A_008997",41.033092569567,-1.15001997954283,0.331023960311876,-3.47412911880859,0.000512514343234852,0.0102674916335939
"Et_3A_026841",70.3851960350502,-1.03039474707366,0.296597126473721,-3.47405505685152,0.000512655830259199,0.0102674916335939
"Et_2A_015235",28.3755867665225,-1.05408303550526,0.303476978942675,-3.47335418712063,0.000513996566652111,0.0102750754372779
"Et_2B_021347",381.967324880629,-2.05089994033829,0.590643673627556,-3.47231339623479,0.000515993590596523,0.0102991508259964
"Et_4A_035957",104.724715634144,-2.35530020880919,0.678688923347548,-3.47036783389946,0.00051974605909597,0.0103551845164649
"Et_4A_033375",12.5524695462314,-1.3352010577794,0.384783608531564,-3.47000503185382,0.000520448614597719,0.0103600119331023
"Et_2B_021700",49.0567540476442,-1.57134201402327,0.452880176709915,-3.46966393062014,0.000521109954295284,0.0103615077627605
"Et_6B_048285",122.605514696777,-1.47565153410276,0.425303401035268,-3.46964433040212,0.000521147979709192,0.0103615077627605
"Et_8A_058136",240.497414593205,-1.15113770295218,0.331779413790871,-3.46958748826343,0.000521258270957396,0.0103615077627605
"Et_2A_015131",21.4271044676069,-1.2159588155786,0.350625197448623,-3.46797327866539,0.000524399430062848,0.0104092794935552
"Et_5B_044359",37.8849779888045,-1.36778441667969,0.394418882394226,-3.46784719934522,0.000524645514435358,0.0104092818428994
"Et_7B_053933",6.11971044916332,-1.62021525386269,0.467348792202634,-3.46682238382718,0.000526649768079606,0.0104246109378526
"Et_3A_026760",197.366164353068,-1.06178815547498,0.30633644229828,-3.46608502569577,0.000528096246546265,0.0104483558456465
"Et_9B_064398",220.98373706766,1.01293135483419,0.292267317873124,3.46577017986634,0.000528715008100117,0.0104508263161125
"Et_3B_028125",1350.03776312152,-1.44106060259121,0.416038221260565,-3.46376974265708,0.000532662246046788,0.0105092150362238
"Et_3A_027015",128.115276171248,-1.11721648333794,0.322664781567286,-3.46246800754411,0.000535245543350877,0.0105424244796402
"Et_2A_016978",32.3957364575956,-1.75030873784589,0.505640719048282,-3.46156603277585,0.000537042356534708,0.0105611675318536
"Et_4A_035784",29.6100396487445,-1.31345766150634,0.379563527534905,-3.46044223489189,0.000539288924299329,0.0105955001282951
"Et_5A_040757",92.0944365642288,1.67476777189478,0.484055306989101,3.45986863012016,0.000540438981404015,0.010608245683218
"Et_3B_031535",8.86261956196301,-1.55998129269562,0.450934914407078,-3.4594378098817,0.000541304262770141,0.0106203043117443
"Et_4A_034281",138.59543292262,-1.21807566130265,0.352137793448478,-3.45908812960421,0.000542007527279766,0.0106291744923446
"Et_6B_048263",171.636524784133,-1.04266852081757,0.301480246929939,-3.45849697098024,0.000543198380729458,0.0106328193674702
"Et_1B_014216",10.7511717802695,-1.64252225728664,0.475213407656174,-3.45638871046971,0.000547465221390821,0.0107014910712515
"Et_4A_032896",12.7651948100359,-1.63789883289311,0.474016367250582,-3.45536345589361,0.000549551465981502,0.010727406845174
"Et_3B_028026",17.682611200356,3.16530664375445,0.916210202474724,3.45478213973695,0.000550737647749942,0.0107456050035858
"Et_9A_061278",31.8952812680649,-1.11395042783816,0.322483239804444,-3.45428937179393,0.000551745013215998,0.0107602990595857
"Et_2B_022372",30.9573930089508,-1.27622740795668,0.369549538024099,-3.45346774015845,0.000553428492371081,0.0107881592801217
"Et_2A_017579",106.750106209146,-2.16036896535808,0.62607830987012,-3.45063697511938,0.000559265287332713,0.0108823635208009
"Et_1A_007910",14.9645993014918,-2.07970829338909,0.602842796285549,-3.44983519120297,0.000560928886727862,0.0109092419514353
"Et_4B_036231",195.950609650747,-1.18049593312828,0.342483555413974,-3.44686895025184,0.000567123607217837,0.0109993909520893
"Et_8B_060786",46.011578346709,-1.54183797073179,0.447520717863298,-3.44528847310879,0.000570450246618475,0.0110436662565846
"Et_4B_039273",10.0453879807414,-1.37526482982635,0.399247996224095,-3.44463802657239,0.000571824598208032,0.0110601540201846
"Et_4A_035722",169.874749498328,1.12451563935269,0.326470997705373,3.44445799858619,0.000572205530159174,0.0110624659827941
"Et_3B_030627",179.290694678357,-1.33256333536981,0.386954672043419,-3.44371946288398,0.000573770716284187,0.0110711032344634
"Et_3B_031685",30.0095206011141,-1.49651090459444,0.434573647248933,-3.44363012821439,0.000573960314187444,0.0110711032344634
"Et_1B_010241",15.1769954204754,-1.53415711443494,0.445746261768606,-3.44177225031074,0.000577916596095924,0.0111163704261814
"Et_3A_027278",7.98445684435494,-1.54767205232635,0.449704163404654,-3.44153374211419,0.000578426325475032,0.0111163704261814
"Et_4A_034089",8.99591556673933,2.25072552685442,0.654015996137523,3.44139216800006,0.000578729089484274,0.0111163704261814
"Et_4A_032572",284.555476953782,-1.51983024454763,0.44200928278382,-3.43845775132952,0.000585037821027813,0.0112132249030331
"Et_1A_005129",63.3209660776576,-1.22209976830449,0.355492572788083,-3.43776456064812,0.000586537438142156,0.0112317938380887
"Et_6A_047001",68.2449353166182,-1.02740553701267,0.298899066863025,-3.43729924551253,0.000587546086161659,0.0112460200661969
"Et_6A_046442",31.0685522465555,1.20537443314132,0.350737517569357,3.4366851926611,0.000588879619495913,0.011261358109836
"Et_7B_054968",40.6568305723225,-1.83618974191271,0.534439534007154,-3.43572962902878,0.000590960413868419,0.0112920393760946
"Et_1A_004575",20.7725314009461,-1.33811915466482,0.389581244477767,-3.434762770622,0.000593072767731939,0.0113216821550175
"Et_3B_030041",1058.98887754874,-1.27555617925479,0.371419097001316,-3.43427731517605,0.000594136019911375,0.0113311565401755
"Et_10B_003845",41.3751179246533,-1.40003415727854,0.407683411660487,-3.43412098023862,0.000594478804690721,0.0113325869434736
"Et_4A_035231",236.909090057319,-1.33341967809099,0.388691475042908,-3.43053491961404,0.000602392433240515,0.0114486687334882
"Et_9B_064634",33.5778323993345,-1.77241510380157,0.516768528634318,-3.42980465255033,0.000604015937301357,0.0114648697289243
"Et_7B_054438",222.93280255259,-1.32853736563711,0.387409035795237,-3.4292885371401,0.000605165801960096,0.01147943376914
"Et_5A_042484",13.3512161285962,1.23482275233215,0.36027683838739,3.42742752450936,0.000609328930519265,0.0115428828735789
"Et_7A_050241",20.4317500764077,-1.59944727041284,0.466874367393829,-3.42586224928393,0.000612851106954207,0.0115992213087218
"Et_10A_002004",16.7146009908384,-1.28396171188273,0.374973406260849,-3.42414072690142,0.000616746741816259,0.0116573122437088
"Et_4B_038428",43.8857779763276,-1.06987438899484,0.312439308609258,-3.42426307930685,0.000616469111606818,0.0116573122437088
"Et_6B_049836",53.7320068954503,2.46775337153854,0.721191928488584,3.42177064669909,0.00062214770558275,0.011733195588352
"Et_2B_022482",40.11932517601,2.69098689060912,0.78674059975403,3.42042458651612,0.000625234682369862,0.0117809135164259
"Et_4A_032770",483.369156356954,-1.06473441920254,0.311333858959274,-3.41991206083954,0.000626413820641829,0.0117873867894896
"Et_3A_025300",23.8675068192248,-1.29232712657628,0.377956933231948,-3.41924439783513,0.000627952977504171,0.0118058507365511
"Et_8B_059188",173.070148316947,-1.17728784901981,0.344515084051236,-3.41723164970252,0.000632614262473809,0.0118776555403246
"Et_9A_061903",65.7610645319212,-1.81430032594172,0.530956582974116,-3.41704083557839,0.000633057831608666,0.0118807128308997
"Et_5B_044384",75.5146084882143,-1.55888871733821,0.456274141691044,-3.41656161263195,0.000634173115939373,0.0118963680259549
"Et_6A_046715",17.6930136068903,-1.35804515866784,0.397504983804521,-3.41642297329203,0.000634496108737199,0.011897153443402
"Et_7A_050742",56.3823672775192,-1.29200877733278,0.378215691087948,-3.41606339392288,0.000635334546344273,0.0119075987605357
"Et_4A_035037",406.369528430222,-1.12325214381135,0.328858476756272,-3.41560951960448,0.000636394324625142,0.0119221814157309
"Et_3B_030621",31.0282349495524,-1.3643903039643,0.399501651247822,-3.41523069980487,0.000637280112370157,0.011923871317116
"Et_5B_044767",762.022651402813,-1.65344649663787,0.48420204552855,-3.4147862693,0.000638320778438577,0.0119265939706493
"Et_1A_009507",32.9829892685286,-1.25899182669118,0.368828433464563,-3.41348907096163,0.000641367309153522,0.011962390711052
"Et_7A_052185",16.7151305395933,-1.06266123224856,0.311324673803639,-3.4133537161234,0.000641685974311842,0.0119630618647036
"Et_4B_038678",12.6492753942342,-2.25004046065435,0.659255602692458,-3.41300165135493,0.000642515528298538,0.0119732528214858
"Et_2B_020558",79.8753951683625,-1.80571368967622,0.529185563773986,-3.41225047183531,0.000644288833664524,0.0119991826851517
"Et_3A_026621",37.4504626778779,1.1466184758605,0.336037701372759,3.41217211990324,0.000644474060570648,0.0119991826851517
"Et_7B_055793",34.8423509705796,-1.08911847700679,0.319276351255629,-3.4112093574221,0.000646754114160024,0.0120152037362828
"Et_3A_027315",11.7028533967512,-2.0074724347731,0.588519346149164,-3.41105597956723,0.000647118041929432,0.012016689571941
"Et_4B_037311",463.147984955296,-1.22387992997406,0.358919543184692,-3.40990050058177,0.000649865836371389,0.0120624220154549
"Et_Un_068239",7.7155665647138,-2.21530725738831,0.64980631297985,-3.4091808791907,0.000651582616033787,0.0120783952302014
"Et_2A_016458",1053.93748860279,-1.13471248924328,0.333350197955473,-3.40396524796679,0.000664152025585377,0.0122384909517139
"Et_4A_035145",6.1558482124669,-1.58801444074213,0.466550962343952,-3.4037320012458,0.000664719370822615,0.0122414811893878
"Et_5B_044162",237.488465720836,1.54216553821702,0.453361175272427,3.40162683161019,0.000669860374482887,0.0123093751837237
"Et_7A_051215",77.8075241476609,-1.19704134648586,0.352104308802678,-3.39967821057449,0.000674651995515816,0.0123701295205861
"Et_3A_025345",38.1362341544181,-1.12684015326353,0.33167773275793,-3.39739464537987,0.000680307782104424,0.0124311853793865
"Et_2B_019244",70.65366912886,-1.36236185560549,0.401313037979783,-3.39476101365568,0.000686885306453357,0.0125297354177181
"Et_3A_024434",70.693223599502,-2.37858555421928,0.701403907213972,-3.39117807835887,0.000695928666201901,0.0126565110243509
"Et_3B_030131",14.0776590172162,-1.60438966044791,0.473126852395507,-3.3910348827691,0.000696292382371772,0.0126576862637343
"Et_3A_025851",544.193249294481,-1.01074325946174,0.29809244355201,-3.39070406286695,0.000697133339102109,0.0126675323790473
"Et_9A_061214",23.9554675343269,-1.4560035666554,0.42948714805974,-3.39009810475837,0.000698676156014269,0.0126901179924995
"Et_3B_028972",1510.18998324431,-1.09522181035916,0.323379866272079,-3.38679653432006,0.000707138103225085,0.0128218014260864
"Et_9A_063515",79.3784665753257,-1.12895642056796,0.333377342126073,-3.38642216465037,0.000708103603392585,0.0128338092058134
"Et_5A_041775",288.717263275444,-1.05540340404666,0.311856763960809,-3.38425689615408,0.000713711908041647,0.0129133338812837
"Et_6B_049304",21.3027392370652,-1.25880448041076,0.371975591591433,-3.38410505653121,0.000714106735299431,0.0129149559990906
"Et_9A_061077",43.5124189437591,-1.35113981852478,0.399281327598521,-3.38392938796115,0.000714563777968625,0.012917701445379
"Et_1A_009471",79.689633460352,-1.45927134655183,0.431345355581762,-3.38306956981996,0.000716804718169927,0.0129526796212431
"Et_7A_052558",244.405372503895,-1.37261867933637,0.405757245440152,-3.38285685532835,0.000717360121598926,0.0129571832462939
"Et_1B_013627",41.5652603549886,-1.01908145469104,0.301262259228977,-3.38270534549926,0.000717755961742138,0.0129588021761635
"Et_2A_015598",82.3523887238593,1.25094653572489,0.369912001478493,3.38174087546501,0.000720280532952442,0.012998836739679
"Et_2B_021452",8.83173629227244,-1.71068757875016,0.506091341918497,-3.38019530677065,0.000724343381245115,0.0130573864501982
"Et_3A_025989",15.0096442549137,-1.1167858814133,0.330394903909946,-3.38015468216088,0.000724450458059198,0.0130573864501982
"Et_5B_044305",81.3610383865548,-1.11573896144921,0.330119236639776,-3.37980595377025,0.000725370228274721,0.0130634068081077
"Et_9B_065900",17.7964972659541,-1.10493202725402,0.32696368763421,-3.37937229436364,0.000726515517099446,0.0130778973558692
"Et_5B_043353",43.6055319481966,1.67800151039656,0.496631759894163,3.37876399760288,0.000728124851852295,0.013098428325839
"Et_6A_046708",15.223267908513,-1.58188328645326,0.468355950327212,-3.37752362353482,0.000731416702104107,0.01312115485685
"Et_6B_050104",542.403770822237,1.38565292946153,0.410431142785123,3.37609110278205,0.00073523569400876,0.0131788117621562
"Et_3A_026178",13.3209769793042,-1.28905079503053,0.382035848686164,-3.37416187371846,0.000740408144743873,0.0132491459260264
"Et_4A_034388",195.771547661586,-1.00509907911666,0.297926744208333,-3.37364502736223,0.000741799588891833,0.0132683679636105
"Et_1B_009689",12.4987362857779,-1.65456453939446,0.490483773115193,-3.37333186149235,0.000742643869414595,0.0132703705557188
"Et_4A_034360",38.5953469377919,-1.1567002816157,0.342897599747594,-3.37331110648527,0.000742699855463451,0.0132703705557188
"Et_9A_062155",7.79622924369806,-1.69491045447783,0.502455535946231,-3.37325461303945,0.000742852264803822,0.0132703705557188
"Et_8B_059636",10.2860381031922,-1.68167125042296,0.498577155802299,-3.37294083945113,0.000743699299369224,0.013279896349918
"Et_1A_008413",15.7622405611797,1.16670652390182,0.345933935437445,3.37262813613958,0.000744544337053081,0.0132893784665063
"Et_6A_047379",172.882954088276,-1.06902072402836,0.317037546803587,-3.37190574052306,0.000746499922588802,0.0133186664097631
"Et_2B_020274",12.6143684290945,-1.20492494252611,0.357421615419862,-3.37115857167924,0.000748527588912431,0.0133292240129843
"Et_2B_022227",44.9033578598675,-1.74066880118263,0.516653953690544,-3.36911928912718,0.000754087852816207,0.013403191067275
"Et_1A_006472",584.152336780174,-1.04220943711671,0.309412947087012,-3.36834462464696,0.000756210070065183,0.0134280462041692
"Et_9A_061061",25.3053593016536,1.72485420832244,0.512355631229484,3.36651751866835,0.000761237468477053,0.0134793178518615
"Et_2A_016840",3.30650212995376,2.61079920037538,0.775783090608541,3.3653726563277,0.000764403426579279,0.0135240606240949
"Et_10B_002548",19.0386260651575,-1.40736813173177,0.418318077745642,-3.36434929926102,0.000767243722208854,0.013568307297306
"Et_4A_034764",315.197986525836,2.03835099650188,0.605954098670937,3.36387030135233,0.000768576529686833,0.0135808595976396
"Et_8A_058095",10.0742711098663,-2.36122731625801,0.702408924348957,-3.3616134909541,0.000774885055814286,0.0136809076187153
"Et_5A_040453",39.1182918013786,-1.59050598804531,0.473170778157254,-3.361378304551,0.000775545237460818,0.0136812070531348
"Et_8B_059144",36.5809906023018,-1.36232854831972,0.405467114897245,-3.35989898629626,0.000779709753848032,0.0137374341310777
"Et_1A_005320",1171.2383266294,-1.50042248489539,0.446780664996689,-3.35829771171165,0.000784240986872793,0.0137942969927085
"Et_8A_058385",57.3325217909072,-1.17507376094921,0.349894496803714,-3.35836594082932,0.000784047416908488,0.0137942969927085
"Et_1B_011332",36.0482729893397,1.21544571265242,0.362010896709016,3.35748377659857,0.00078655359155028,0.0138184822387862
"Et_3B_029816",87.8964377766763,-1.01717379128967,0.30300672526992,-3.35693470296269,0.000788117228360052,0.0138394693378412
"Et_6A_046494",61.6936535131071,1.14361836750176,0.340829506613491,3.3553971863083,0.000792511090356079,0.0138878133929065
"Et_4B_037678",441.671514036455,-1.2943163588161,0.385788871645337,-3.35498624751932,0.000793689301445693,0.0139027033266481
"Et_3B_029825",68.1986960874423,-1.81011555903427,0.539636487338811,-3.35432388562301,0.00079559179534616,0.0139302626309679
"Et_6B_049858",51.9303232423399,-1.65409369645066,0.493152778933127,-3.35412019786055,0.000796177695527787,0.0139347560275997
"Et_7A_051961",67.4062061193788,2.37780037960818,0.709372715496303,3.35197608769684,0.000802369487804571,0.0140257235538577
"Et_7A_051694",15.1797207376888,-1.04831735943011,0.312774041097827,-3.35167635955513,0.000803238598341618,0.0140351186960435
"Et_3B_031193",392.583500262239,-1.36371324137065,0.407032634765387,-3.35037813898311,0.000807013096244808,0.0140952514375073
"Et_1B_010638",19.4700536091105,1.10552863219081,0.330087295060903,3.34920079849434,0.000810450367256345,0.0141415579204123
"Et_2A_018147",19.5058454996402,-4.10951950893808,1.22708390686799,-3.34901263551506,0.000811000970530262,0.0141415579204123
"Et_8B_058763",40.7370830355891,-1.55986495325899,0.465755267667013,-3.34910855881978,0.000810720236010994,0.0141415579204123
"Et_2B_020846",16.6885817933925,1.56564906128794,0.467565638628547,3.34851180655675,0.000812468190142866,0.0141594147617883
"Et_3B_030451",47.1318966015212,-2.52266014579628,0.75341745577424,-3.34829001699184,0.000813118727445472,0.0141600595076058
"Et_4B_039558",10.9875390188717,-1.50776965206367,0.450499613482989,-3.34688334226641,0.00081725595151092,0.0142213288930683
"Et_4A_033635",1643.78158127285,2.29659856960307,0.686299435944559,3.34635065879407,0.000818827738970544,0.0142428236388136
"Et_3A_024916",410.995048950893,1.1613906792896,0.347095660778954,3.34602477220026,0.000819790713831829,0.0142537152873307
"Et_1B_013292",66.4532450349383,1.55599563715196,0.465135564468802,3.34525191366296,0.000822078665541199,0.0142708930229378
"Et_1B_010164",33.0045811571038,-1.85442382490401,0.554328532668131,-3.34535156611581,0.00082178332451015,0.0142708930229378
"Et_2A_017520",370.291815074551,1.61062605355702,0.481444233887753,3.34540522076859,0.000821624348419129,0.0142708930229378
"Et_10A_002058",30.8621860069233,-1.13446248138943,0.339150877588012,-3.34500824369835,0.000822801247633096,0.0142714775521092
"Et_2B_022400",624.322565988812,1.12237808100319,0.335549697149735,3.34489373865339,0.000823141005853451,0.0142714775521092
"Et_7B_055234",308.924942257483,-1.49455669397342,0.446818826266202,-3.34488299533512,0.000823172889997603,0.0142714775521092
"Et_3A_023984",7.32268477843587,-1.99615224158707,0.596957155414596,-3.34387857400037,0.000826158889484888,0.0143151034640787
"Et_1A_006741",15.5134568520426,1.22913070767597,0.367732531364562,3.34245845238379,0.000830397855779699,0.0143555707747536
"Et_2A_015833",77.8613807482022,1.46614677160735,0.438769017356163,3.341500228165,0.000833269480230578,0.0143904604896987
"Et_2A_014859",62.1953329348447,-1.18470761832397,0.354558904630747,-3.34135626788948,0.000833701698175799,0.0143904604896987
"Et_5A_042244",145.668598688772,-1.24502946274815,0.372714905707032,-3.34043378379612,0.000836476250344722,0.014422530323958
"Et_6A_048091",58.9531619870428,-1.39788213992634,0.418480741640566,-3.34037388302801,0.000836656709482914,0.014422530323958
"Et_4B_039782",120.690036844643,-1.14916787141784,0.344137246865625,-3.3392719965199,0.000839982739892631,0.014468078775847
"Et_2A_018469",18.6934261689257,-1.41672674357229,0.424374744170658,-3.33838609161568,0.000842665721992406,0.0145083862305609
"Et_8A_056211",11.2609046071597,-1.38420782364345,0.415000807622151,-3.33543404788681,0.000851663529339344,0.014645428915742
"Et_6B_048463",159.004052921184,1.35680230750448,0.406885940787922,3.33460110437111,0.000854218405249495,0.0146774352050989
"Et_2A_015940",37.9546586364256,-1.32403123418026,0.397111456908027,-3.33415521297062,0.000855589000732269,0.0146863877839015
"Et_1A_004625",8.15920777875327,2.47910763421851,0.743619949113572,3.33383691114489,0.000856568654458156,0.0146939543804901
"Et_3B_027942",77.653307612844,-1.13559071021076,0.34066229584249,-3.33347929627005,0.000857670544762874,0.0147009386206419
"Et_9A_061044",48.2405576404963,-1.1113562842307,0.333442058225364,-3.33298171845966,0.000859205878677306,0.0147212926257585
"Et_1B_013871",1318.16796793461,-1.23727535068837,0.371353874388891,-3.33179599303887,0.000862874850744134,0.01477219404672
"Et_3B_027939",26.8856236980104,-1.17059489006582,0.351538000230461,-3.32992418827668,0.000868696327729817,0.0148630225028769
"Et_7A_051098",17.28317073189,2.37360062950519,0.712986067075797,3.3290981957616,0.000871276799546785,0.0148979531946747
"Et_2A_016309",138.903716076994,-1.00315471799611,0.301364015237318,-3.32871433640192,0.000872478426556301,0.0149056344057987
"Et_3A_023413",16.5872380288218,-1.82204433485153,0.547379402518388,-3.32866806180256,0.000872623387532763,0.0149056344057987
"Et_2B_019188",32.1141852584876,-1.26204067547757,0.379407892531092,-3.32634270483486,0.000879936681032096,0.0150035940134078
"Et_1B_011131",8.79838054553606,-1.58718548998034,0.477462561530307,-3.32420930531868,0.000886696203881146,0.015076329187726
"Et_3A_026201",23.4013778522162,1.24630480944721,0.374917004455912,3.32421521199307,0.000886677422738429,0.015076329187726
"Et_1B_013142",181.088027515405,-1.0655975743993,0.32067122394749,-3.32302213239373,0.000890478489849438,0.0151109902697058
"Et_4A_033592",23.7224676774625,-1.31071679782919,0.394515145101126,-3.32234849309324,0.000892631323171125,0.0151189673636816
"Et_1B_011759",233.676081256729,-1.17509129023802,0.353790025253959,-3.32143702862882,0.000895551884532737,0.0151483211883028
"Et_2B_021405",52.6501594019647,1.6041128215804,0.482975122052154,3.32131562960127,0.000895941545264119,0.0151483211883028
"Et_1A_005766",15.6203782948911,-1.50507966946004,0.453297527306918,-3.32029093209895,0.000899236836658425,0.0151858351665541
"Et_6B_048532",1588.08126542448,1.14843540346904,0.345924753254213,3.31989946560742,0.000900498703908446,0.0151950180021553
"Et_4A_035097",386.531814733118,-2.02832241503894,0.611084576256309,-3.31921716542915,0.000902701978802571,0.0152261250470007
"Et_3A_027214",23.6241562471465,-1.25554751211595,0.378376393474567,-3.31825011752575,0.000905833317394868,0.0152728549769525
"Et_7A_053178",132.429607381589,-1.87996453880664,0.566770692393328,-3.31697556708168,0.000909975739397161,0.0153280041855139
"Et_8B_059519",133.000912218252,-1.39280171355163,0.420054495391117,-3.31576433256543,0.000913928640699989,0.0153764672097531
"Et_9B_064567",38.8930263818587,1.06150499604507,0.320145643415343,3.31569402201085,0.000914158589313301,0.0153764672097531
"Et_10A_002141",9.09791694109984,-1.51781614962301,0.457901368547513,-3.31472289422851,0.000917340123527938,0.0154070925192545
"Et_7B_054245",8.98428070074785,-1.95221973020572,0.589093033060872,-3.3139412972891,0.000919908180230309,0.0154302473988691
"Et_4A_035450",9.80096870341457,-1.61736675226741,0.488171953770061,-3.31310871052051,0.000922651098465004,0.0154633680852243
"Et_7A_052713",136.696697338659,1.38646499777828,0.418523075652303,3.31275640086835,0.000923814046420347,0.0154712348415153
"Et_2A_014686",17.5564579175129,-1.41773362348984,0.428237456531723,-3.31062498589451,0.000930878701930275,0.0155510401081827
"Et_9B_064614",501.530813238562,-1.4427614850872,0.436513217693194,-3.30519541358139,0.000949102012246785,0.0157575508663334
"Et_1A_006484",14.1619995514609,-1.43757013108049,0.435037210645773,-3.30447625146031,0.000951540372375256,0.0157918386505572
"Et_2A_016216",35.8454893493237,1.66006349787517,0.502525339618963,3.30344236796876,0.00095505598184091,0.0158377622067035
"Et_4A_035705",27.1706695862887,2.11690713126418,0.640941918825143,3.30280649320691,0.000957224176660474,0.0158674998653628
"Et_4B_036662",39.7075569286,-1.18593809821482,0.359188201256577,-3.30171785728473,0.000960946775895567,0.0159105115633413
"Et_5A_041650",18.6319372126502,-1.19823222237946,0.363226954068952,-3.29885271166301,0.000970808342166819,0.0160486754064452
"Et_8A_056170",61.7861060811623,-1.13986940613762,0.345555329019387,-3.29865960791961,0.000971476347004716,0.0160534474834985
"Et_6A_047518",6.04832914576291,2.3463007545826,0.711476092789065,3.29779282587676,0.000974480057693238,0.0160905173786882
"Et_3A_025511",55.1180043257105,1.57308144008581,0.477184424552189,3.29659007953174,0.00097866225318615,0.0161532708872223
"Et_7A_052454",41.8479975230835,1.31763233764026,0.399723336003749,3.29636080498414,0.000979461371458677,0.016159888512709
"Et_2B_019185",53.6889263448323,-1.33291549773125,0.404484784773541,-3.29534150086142,0.000983021394809386,0.0161675208355199
"Et_3B_030655",17.1267958170816,-1.4032009307385,0.425822544674627,-3.29527158269811,0.000983266029683391,0.0161675208355199
"Et_7B_054671",84.8654283630944,-1.5298317802732,0.464210956128428,-3.2955529378974,0.000982281946035257,0.0161675208355199
"Et_8B_059097",15.857074473046,-1.023852547044,0.310669506202134,-3.29563258254846,0.000982003542121367,0.0161675208355199
"Et_1A_005104",101.930724083727,-1.35447275784516,0.411310937426224,-3.2930628257074,0.000991023273198336,0.0162747787822094
"Et_9A_063481",76.0053914421959,-1.26768306573985,0.384998868908622,-3.29269296123759,0.000992327777252612,0.0162870268447263
"Et_9B_065317",110.133100296344,1.2164798259595,0.369497238581946,3.29225688026275,0.000993867867661325,0.016292538214602
"Et_6A_047226",9.97059339785139,-1.42804028705465,0.433801373115097,-3.29192200753077,0.000995052026634255,0.0162966725105115
"Et_6A_046236",71.3235538707125,-1.16134251255854,0.352969498306116,-3.29020642897409,0.00100113907723376,0.0163520670584842
"Et_1A_005189",17.6229113788107,-1.20038007255129,0.365023538765708,-3.288500452903,0.00100722622430089,0.0164336119847373
"Et_4B_040076",21.5992401423371,-1.07065618494121,0.325577751302352,-3.28848080269138,0.00100729653800587,0.0164336119847373
"Et_4A_032372",8.17847301312129,-3.85694576746335,1.17330716120906,-3.28724301272386,0.00101173484988045,0.0164806077162973
"Et_4B_038222",29.8848904360808,1.0595166729726,0.322394362028634,3.28639950868153,0.00101476974428818,0.0165236843317721
"Et_1B_013368",1133.27528357213,-1.38142069004717,0.420436788441512,-3.28567986442829,0.00101736565510755,0.0165404973200736
"Et_4B_038323",11.6331406693622,-1.22223740832441,0.372071327730952,-3.28495456980823,0.00101998816595679,0.0165704027575015
"Et_1B_009762",73.5718104048942,-1.14053992747343,0.347371817492657,-3.28334041519514,0.00102584707826058,0.0166400338643111
"Et_6A_046013",128.013646924867,-1.56899443534711,0.477917189009066,-3.28298389643682,0.00102714533018354,0.0166476387545251
"Et_9B_063815",6.46737849099379,2.70154006542572,0.822942832895131,3.28277974780051,0.00102788941553814,0.0166476387545251
"Et_10B_002782",4493.97684974285,-1.08731212342829,0.331517493298051,-3.2798031639638,0.00103879534907341,0.016760797022472
"Et_4B_036199",215.504326357882,-1.10728584913992,0.337635731409536,-3.27952804200345,0.00103980875811491,0.0167700863732557
"Et_1A_007280",20.7423394775142,-1.51392585235853,0.461809128865452,-3.27825016382387,0.0010445278139539,0.0168141563661198
"Et_6A_046224",53.9179484245915,1.59006628931628,0.485102029399721,3.27779764451587,0.00104620366111321,0.0168298985917647
"Et_6B_048901",24.9283422593289,-1.30793538282255,0.399031916227027,-3.27777135019549,0.00104630111519217,0.0168298985917647
"Et_9B_064690",135.822944703028,-1.49799089134682,0.457045888793475,-3.27755030310252,0.00104712070949736,0.0168366825326476
"Et_4A_033191",25.0635064631009,-1.50261795475744,0.458671857054937,-3.27601951513992,0.00105281285827445,0.0169089336478841
"Et_6A_047031",41.3976828874286,-1.06266177374027,0.324547178997622,-3.27429058857435,0.00105927619408937,0.0169869528358704
"Et_4A_032174",45.3280342903086,1.33083894246941,0.406657922855788,3.2726251418477,0.00106553691439481,0.017048590630317
"Et_1B_013750",10.6781872945668,-2.17969869272217,0.666092318648313,-3.27236725555608,0.00106650941142877,0.017051257382571
"Et_4A_033050",87.3445044329481,-1.29493964065348,0.395718546756218,-3.27237540739082,0.0010664786580495,0.017051257382571
"Et_6A_047265",6.33052549972431,-1.87765017947615,0.573835042189476,-3.2721079080705,0.00106748824669726,0.0170604617070348
"Et_4B_036168",52.6248493801416,-1.0924181304029,0.333906842013503,-3.27162547438524,0.00106931127020438,0.0170766992283205
"Et_8A_058340",35.2788317456645,-1.38141813851478,0.422260624589886,-3.27148225069874,0.00106985303895239,0.0170789063027028
"Et_5B_044776",806.546868042864,-1.51561310274436,0.463414690879986,-3.27053313710521,0.00107344964930872,0.0171040621832625
"Et_6B_049948",20.8834745410405,-1.50386776658671,0.459905944834244,-3.26994635202797,0.00107567882842443,0.0171202437077555
"Et_4A_032912",52.0131686342675,1.00094547699383,0.30616418594113,3.26930948476872,0.00107810311357672,0.017145931516936
"Et_4B_039659",193.441212078487,-1.14439926049563,0.350056619768338,-3.26918331455345,0.00107858398976495,0.0171471354045277
"Et_1B_009668",33.0120213942742,-1.19114514396759,0.364383371498475,-3.26893386783588,0.00107953529716656,0.0171472012105946
"Et_7A_052902",19.8546842407639,-1.58252129568578,0.484154444506036,-3.26862907826936,0.00108069871737,0.0171549773890091
"Et_4A_035046",13.4466643090455,-3.93884284209473,1.20518776948508,-3.26823997208138,0.00108218567008633,0.0171721400667617
"Et_2A_015847",233.857411651098,-1.65904962905327,0.50791728448801,-3.26637757706084,0.00108932897337832,0.0172466899189564
"Et_Un_068244",25.8905046995975,-2.41833261846624,0.740364647314563,-3.26640747534066,0.00108921395351859,0.0172466899189564
"Et_3A_023036",9.4423568793962,-1.39638355307551,0.427532174036765,-3.26614846291179,0.00109021075747391,0.0172541956829827
"Et_2A_015308",56.8633752013591,-1.53836600836326,0.47106742056773,-3.26570240520821,0.00109192937908553,0.0172620288841612
"Et_4A_034248",207.979182415521,-1.11414468426236,0.341159677165955,-3.26575723578372,0.00109171798665148,0.0172620288841612
"Et_10B_004002",20.2758729070654,-1.31461422877252,0.402690149341503,-3.26458005223678,0.00109626479765152,0.0172926561610886
"Et_5A_042940",90.521137902428,-1.10137472451397,0.337360693039107,-3.2646800508745,0.00109587787848209,0.0172926561610886
"Et_7B_053886",136.60357328156,-1.1952810497006,0.366151073275855,-3.26444775651411,0.00109677687626616,0.0172934416555826
"Et_3B_031204",50.3058104623226,-1.74068791921665,0.533332023508688,-3.26379786416161,0.00109929563620944,0.0173202499346178
"Et_3B_029429",55.8531568635015,-1.02888841826629,0.315290261792166,-3.26330541393159,0.00110120776561718,0.017337467500342
"Et_4A_035467",57.3695228698626,-1.09143810315565,0.334533813517318,-3.26256437781334,0.00110409092346218,0.0173763956418444
"Et_3B_030762",66.1409806142619,-1.34176988570523,0.411294644352859,-3.26230818739787,0.00110508930916968,0.0173856429606174
"Et_10B_003153",12.3156576738576,-4.4277421720187,1.35750886753533,-3.26166721846732,0.00110759085259324,0.0173936011837092
"Et_1B_011123",117.778279533264,-2.43549579802499,0.746824747867435,-3.26113429553529,0.00110967470465433,0.0174124707085544
"Et_1A_008328",188.329333902339,-1.13158812985161,0.347476310133261,-3.25659072820716,0.0011275888783169,0.0176282088401815
"Et_2B_020980",126.75351582348,1.885354259551,0.579065127772292,3.25585874391039,0.0011304997953323,0.0176541517854107
"Et_7B_053809",50.1157286770901,-1.04236663929331,0.320222364935705,-3.25513378649426,0.00113338961415177,0.0176873928465066
"Et_8A_058458",60.0167121007121,-1.30462580359387,0.400792529561007,-3.2551150716877,0.00113346430528653,0.0176873928465066
"Et_4B_039957",41.3633054524122,1.69466435638748,0.520675219055296,3.25474363742959,0.0011349476478589,0.0177040119636524
"Et_7A_050308",26.1604312086894,2.11781162959786,0.650742903982514,3.25445212946152,0.00113611305712883,0.0177137169684389
"Et_8B_060411",14.1696501872618,-4.08690402906165,1.25621536646793,-3.25334663000715,0.00114054275355821,0.0177585611959468
"Et_10B_003679",21.9063445156229,-1.94576541248684,0.598184661729266,-3.25278385918808,0.00114280388314445,0.0177800338810643
"Et_3B_029853",13.1738316462879,-1.80064813703751,0.553635139958823,-3.25240940662009,0.00114431067292688,0.0177800338810643
"Et_2A_017785",6.97299281215262,-1.52392583061349,0.468906051845411,-3.24995982588831,0.0011542131258316,0.0178654789977213
"Et_1A_007731",117.397987863897,-2.14253159719291,0.659296151477575,-3.24972562389632,0.00115516402595714,0.0178678880038399
"Et_2B_022958",19.5723474783867,-1.25753373817872,0.386979323353505,-3.24961480443222,0.00115561422423737,0.017868320778124
"Et_4A_032921",10.9989909369007,-2.17068271649714,0.668026781452028,-3.24939474998132,0.00115650866467816,0.0178745593989353
"Et_2A_017978",42.7443825015984,-1.1207975241175,0.345055763863564,-3.24816346079258,0.00116152521962985,0.017926968378824
"Et_2A_014691",206.359528227765,-1.67168510055956,0.514890370461442,-3.24668161702346,0.00116758925407736,0.0179681371754741
"Et_3A_023117",23.050801520809,1.68899709963343,0.52019521319683,3.24685244459247,0.00116688870071446,0.0179681371754741
"Et_6B_049070",6.33261153119752,-1.72873743888492,0.53249460798892,-3.24648815771839,0.00116838308810517,0.0179738176258127
"Et_2A_014616",179.442368069957,-1.06534346924533,0.328310955520497,-3.24492208173912,0.0011748276531895,0.0180467173440942
"Et_5B_045412",14.408350694794,-1.2810333481216,0.394770318904882,-3.24500927951036,0.00117446796354302,0.0180467173440942
"Et_2A_016185",22.9450819785016,-1.87691077923342,0.578446884040123,-3.24474179223555,0.00117557166782176,0.0180515939703254
"Et_1B_014274",105.024373141972,-1.07579598804468,0.331672386813143,-3.24355005365809,0.00118050066884665,0.0181075709697682
"Et_3B_031022",38.5479648133115,-1.64751279058532,0.507921744153405,-3.24363508660446,0.00118014834304006,0.0181075709697682
"Et_2A_016337",1195.60282687481,-1.59655786161874,0.492388705482149,-3.24247458124651,0.00118496518103981,0.0181452337249004
"Et_6B_050192",8.05829860733606,-2.12734413603445,0.656114749834915,-3.24233548562917,0.00118554373413586,0.0181454650374791
"Et_5A_042468",41.5729336463808,1.95877089672594,0.604143894997263,3.24222575605902,0.00118600032649728,0.0181458907510357
"Et_3A_025948",50.039743744025,-1.30651088410246,0.402984402246194,-3.24208797367864,0.00118657387863983,0.0181481050032662
"Et_4A_035064",878.825978344233,1.17534167020506,0.362673614842237,3.240769722706,0.00119207438395231,0.018205914084757
"Et_6B_049865",126.983376463678,3.21064661836946,0.990772078009738,3.2405501624743,0.00119299280148206,0.0182133677340262
"Et_1A_008510",19.3469821726708,1.3056271279065,0.402917359380179,3.24043404313726,0.00119347879137505,0.018214216534797
"Et_3A_023265",33.9797358013738,-1.11036831645686,0.342981599911921,-3.23739908129767,0.0012062459503811,0.0183347396812301
"Et_7B_053226",142.116945001539,-1.17971283630745,0.364430142051895,-3.23714396856739,0.00120732485980364,0.0183347396812301
"Et_7B_055812",224.490624117568,1.24499209341016,0.384670501497694,3.23651563757254,0.00120998596708062,0.0183667884242654
"Et_8B_060244",203.719292008481,1.0820602243666,0.334348551609946,3.23632394743836,0.00121079889105116,0.0183725382105719
"Et_1A_004532",12.9419034819534,-1.59302002770248,0.492353889403679,-3.23551831718419,0.00121422094524333,0.0183783370538976
"Et_1B_011539",390.024532318263,-1.19722319066331,0.369993979485803,-3.23579100483512,0.00121306165826948,0.0183783370538976
"Et_2B_020965",13.1029866445931,-2.47757894993051,0.765651446218298,-3.2359097108322,0.0012125573186012,0.0183783370538976
"Et_4B_037660",79.4277550661596,-1.10482876549303,0.341431923727836,-3.23586837876856,0.00121273290189342,0.0183783370538976
"Et_9A_062190",2529.34491960028,1.15426996429311,0.356694944048179,3.23601436900995,0.00121211282380029,0.0183783370538976
"Et_1A_009367",337.75594011359,-1.22621045201388,0.379119778576254,-3.23436159574367,0.00121914994388491,0.0184280700183985
"Et_1A_009211",34.1705629371654,-1.31198022969023,0.405688062532846,-3.23396311318381,0.00122085222532552,0.0184280700183985
"Et_1B_013837",236.828207430228,1.00692904210874,0.311341675689157,3.23416079739373,0.00122000746205531,0.0184280700183985
"Et_2B_019026",14.8549500914428,-1.67317559854296,0.517355638777646,-3.23409174102397,0.00122030249903098,0.0184280700183985
"Et_9A_061314",9.35942235362212,-1.68067114352977,0.519662872588151,-3.23415666614642,0.00122002511057568,0.0184280700183985
"Et_8A_058211",47.1260141416592,-1.44635160758233,0.447300279281086,-3.23351375927364,0.00122277445804632,0.0184287090685614
"Et_5A_040193",7.77310981216967,-1.51420525637286,0.468381485210624,-3.23284609700561,0.00122563572654637,0.0184586846788051
"Et_6A_047704",10.137758235331,-1.52272349671105,0.471124902379564,-3.23210148523259,0.00122883405537719,0.0184871159699832
"Et_5B_045514",17.0233035910759,1.44379831544882,0.446980806732847,3.23011255450115,0.00123741493448902,0.018583179569757
"Et_1B_014307",23.5188808182812,-1.29696041910662,0.401620616900484,-3.22931733215278,0.00124086123502505,0.0186283247485847
"Et_3B_028166",110.157829983449,-1.15406399621454,0.357568424752266,-3.22753329524022,0.00124862508931491,0.0187050668247104
"Et_6A_046504",453.32713916203,-1.0582354464411,0.327867835926172,-3.22762811866484,0.00124821130626859,0.0187050668247104
"Et_6A_046837",210.840640123667,-1.24095329549686,0.384593776782546,-3.2266598432208,0.00125244255210933,0.0187427924732227
"Et_1B_010146",103.202362061211,-1.63334121415312,0.506379530895681,-3.22552772080671,0.00125740658253785,0.0187900588181503
"Et_Un_068003",11.0328540621545,1.71077003557813,0.530635861633075,3.2240000333055,0.00126413384950293,0.0188572945050984
"Et_1A_007671",45.3053382096587,-1.33508076065969,0.414165809265798,-3.22354170911988,0.001266158579136,0.0188770293911467
"Et_7A_052451",14.2053691858473,-1.16586750303299,0.36171533276962,-3.22316307165099,0.00126783353629457,0.0188858554227337
"Et_2B_021692",10.3645009089535,-1.69282655680265,0.525340955733971,-3.22233882267478,0.00127148679556224,0.018926950822439
"Et_8A_057598",666.92532151706,1.08437936558442,0.336569380803166,3.22185982277036,0.00127361429456381,0.0189452924238807
"Et_9B_064172",915.299333738237,1.05925978455546,0.32877179457557,3.22186940008926,0.00127357172430639,0.0189452924238807
"Et_7A_050645",9.96577073892686,-1.32382474291211,0.411072958422514,-3.22041310620934,0.0012800599171434,0.0190144386428602
"Et_1B_010689",96.0822632382799,1.70080650510468,0.528299232293908,3.21939991795875,0.0012845919355131,0.0190580287680644
"Et_3A_026547",37.1470218625396,1.32184814159962,0.41059416416439,3.21935443064503,0.00128479574847088,0.0190580287680644
"Et_5A_042972",416.081346782301,-1.0689566706751,0.332036907217089,-3.21939112020522,0.001284631352883,0.0190580287680644
"Et_8A_057353",958.966239836418,-1.09234421554294,0.339289939293756,-3.21950075447769,0.00128414022827001,0.0190580287680644
"Et_2A_015956",150.926907688696,1.21731385155234,0.378245798628548,3.21831427068351,0.0012894644994065,0.0191138835778925
"Et_9B_066146",207.309667450834,-1.07774972494707,0.334940303805248,-3.21773675100545,0.00129206344858064,0.0191449501768062
"Et_2B_022170",413.834707354571,-1.0230512431871,0.318023280452439,-3.21690676774243,0.00129580700022988,0.0191743189684366
"Et_2B_019595",41.4902054898869,-3.79403986788018,1.17969001011026,-3.21613291234496,0.00129930640878868,0.0192126649964839
"Et_9B_064092",6.21905267168246,-2.01099225557454,0.62577131586842,-3.21362166110757,0.00131072256455798,0.019319767425603
"Et_1A_008438",408.00524271189,-1.08106779832441,0.336460855281202,-3.21305667912212,0.00131330369718871,0.0193452880142799
"Et_1B_013756",35.3377387453795,-1.26401688861927,0.393502838747752,-3.21221796681763,0.0013171440236574,0.0193883600282369
"Et_4A_034458",7.17757419452059,-1.79413461735499,0.558700069050005,-3.21126614572588,0.00132151480840581,0.0194324206712071
"Et_7A_052470",44.7178689001588,-1.40663422143332,0.438018850282588,-3.21135544857449,0.00132110415942095,0.0194324206712071
"Et_4A_031780",47.8774798040545,-1.3939680265085,0.434116838487684,-3.21104344020522,0.00132253940757131,0.0194407321043479
"Et_1B_011097",12.843759121648,-2.17418484678104,0.677382851780787,-3.20968391961101,0.00132881005305782,0.0194905048085045
"Et_2A_017360",839.354074947555,-1.13718201590453,0.354369013751473,-3.20903344190828,0.00133182000544575,0.0194905048085045
"Et_7A_051801",159.685841716267,-1.0685827707339,0.332990956396837,-3.2090444205951,0.00133176915167232,0.0194905048085045
"Et_8A_057539",1178.36338768097,-1.24920756532713,0.389215266779446,-3.209554382755,0.00132940895736319,0.0194905048085045
"Et_7A_050660",12.1285784308257,-1.54406441027602,0.481183522868403,-3.20888878545057,0.00133249022804439,0.0194922179228615
"Et_2B_021059",19.7710182269858,-1.34548171743339,0.419497269838441,-3.20736704186791,0.0013395596536946,0.0195618235142703
"Et_3B_027630",60.2828529058619,-1.43782804101446,0.44835919553977,-3.20686640380708,0.0013418929764195,0.0195780365403723
"Et_5B_043377",10.7728990259202,1.55669411016051,0.485421267969184,3.20689309035248,0.00134176850394648,0.0195780365403723
"Et_2B_022633",11.7876586867223,-1.87768032635249,0.58561698193654,-3.20632834133891,0.00134440490312312,0.0195808435068441
"Et_3B_031177",20.866308819683,-1.38567118358865,0.432187337922611,-3.20618181515715,0.0013450897068375,0.0195808435068441
"Et_7A_052133",58.3048053519181,-1.73511060972837,0.54117568310403,-3.20618731384283,0.00134506400240901,0.0195808435068441
"Et_9A_063128",18.4936680264479,-1.69869675271159,0.52976835992795,-3.20648963056725,0.00134365147483157,0.0195808435068441
"Et_Un_068241",17.1029918677589,-1.54848960600626,0.482986806308964,-3.20607019856293,0.00134561157326955,0.0195808435068441
"Et_4A_034830",1088.30490929334,-1.05143634039274,0.327972777564447,-3.20586467023512,0.00134657301524968,0.0195831512045932
"Et_4A_032531",90.1403469854236,-2.05630976797073,0.641505259939571,-3.20544490650697,0.00134853859925585,0.0195915391419525
"Et_9A_060910",20.9304949848001,-1.37867742277744,0.430211490872587,-3.20465039179009,0.00135226623872722,0.0196254825867408
"Et_2A_017769",67.2406110939068,1.25904812154414,0.392913702366548,3.2043884292169,0.00135349737555266,0.019636616021045
"Et_4A_032253",28.8444053273542,1.07177487189286,0.334587914664851,3.20326833372459,0.00135877312214982,0.0197064011409802
"Et_1B_012825",177.409461368387,-1.09183858829527,0.340924158883142,-3.20258497336211,0.0013620011184074,0.0197396874421237
"Et_2B_022070",9.94957252210594,-1.89109875703214,0.590566336521733,-3.20217838383775,0.00136392508432985,0.0197493811899813
"Et_6B_048656",545.71614213329,-1.28811235706517,0.402390509264003,-3.20114994615853,0.00136880280705234,0.0197773078847576
"Et_3B_031241",21.5971050545652,-3.62100903481026,1.13126224298621,-3.20085732310117,0.00137019361082401,0.0197906462833011
"Et_5B_045721",71.2525243664233,2.13350553706545,0.666644486154404,3.20036478419368,0.00137253753527383,0.0197961646432741
"Et_9A_061158",6.2171430723279,-1.45149769647598,0.453617568325862,-3.19982689787111,0.00137510148595651,0.0198209451245503
"Et_7B_055859",6.94135267617231,-1.85213133496561,0.578966401119059,-3.19903077516365,0.00137890448425061,0.0198622320536031
"Et_5A_041505",319.69073519661,-1.46559641100153,0.458176335239964,-3.1987606043292,0.00138019726605948,0.0198678298801047
"Et_10A_001431",154.477312686196,-1.50290193518022,0.469945130993476,-3.19803703892633,0.00138366507261484,0.0198692902936514
"Et_2B_019145",41.9982389683377,-1.33073589332678,0.416079417895238,-3.19827378162176,0.00138252956074849,0.0198692902936514
"Et_5A_042284",354.108515538707,-1.20130273730549,0.375636487278896,-3.19804592468561,0.0013836224374584,0.0198692902936514
"Et_7B_054000",25.5143859253334,1.03620911156089,0.324013525799013,3.19804276381863,0.00138363760361591,0.0198692902936514
"Et_2A_017452",507.249337626052,-1.02657824535503,0.321033924204444,-3.19772512484156,0.00138516244938672,0.0198712118162868
"Et_8B_060840",28.3446755275556,-1.06670479669316,0.33363310648019,-3.1972390508449,0.00138749887852822,0.0198845081406414
"Et_7B_055476",5.46914104437323,1.98999032242589,0.62250012998282,3.19677093478006,0.00138975242353855,0.0199100618023532
"Et_1A_005691",7.54156473049706,-2.11287310676879,0.661013394927441,-3.19641496372508,0.00139146835296895,0.0199278987132473
"Et_4A_032270",24.5596568119876,-1.40128848772874,0.438426681961399,-3.19617519960182,0.00139262521728047,0.0199320844185342
"Et_6A_048000",35.6682161599774,-1.01288051953607,0.316905531159107,-3.19615917030978,0.00139270259039711,0.0199320844185342
"Et_1B_011048",9.08560635434996,-3.92632444167162,1.2286720946392,-3.19558363765444,0.00139548330439427,0.0199516396763397
"Et_2B_022756",8.83610285029157,-1.42049496555912,0.444513939876779,-3.19561399121227,0.00139533652191284,0.0199516396763397
"Et_10B_002488",9.84364378967141,-1.49345176609738,0.46770074063362,-3.19317810802293,0.00140716124525208,0.020077904214116
"Et_4A_035737",22.3243205118336,-1.17026313405389,0.366599949202566,-3.19220757285828,0.00141189828709429,0.0201137441482081
"Et_1A_006388",39.1697150922346,-2.15550676147931,0.675347518417786,-3.19170012874151,0.00141438089763328,0.0201334004668148
"Et_3B_030850",225.042580752578,-1.31657706722709,0.412537588685664,-3.1914111667295,0.00141579640805222,0.0201467733654236
"Et_1B_014400",11708.9436847585,-1.11595175941703,0.349745825136402,-3.19075076587919,0.00141903635497264,0.0201773570278359
"Et_2A_015713",62.8262900855107,-1.16344212288421,0.364650330700128,-3.19056922463336,0.00141992819895886,0.0201773570278359
"Et_10A_000294",13.4727480258594,-1.29306314203837,0.405384360596298,-3.18972133048336,0.00142410043152948,0.020224137671922
"Et_5A_042891",35.4308758072629,-1.39410734796038,0.437382146909372,-3.1873896952846,0.0014356320500245,0.0203605725057094
"Et_3A_026239",78.6574760412239,-1.08002118745097,0.338938386028978,-3.18648235776586,0.00144014270716469,0.0204108638202309
"Et_2B_022684",21.0615845990739,-1.17698948327566,0.369484718209464,-3.18548893978456,0.00144509627578284,0.0204468395692867
"Et_4B_037198",20.3826918562643,-1.39795487975824,0.438819676228311,-3.18571603665033,0.00144396249972217,0.0204468395692867
"Et_5B_043752",53.6010922477673,1.51888687527274,0.476812140357869,3.18550377960751,0.00144502216324614,0.0204468395692867
"Et_1A_008198",1318.11327079371,1.02972483130587,0.323337809508418,3.18467188502143,0.00144918219369899,0.0204909423445845
"Et_1A_007823",66.2910304818385,-1.44726776271035,0.454436398786687,-3.18475317244494,0.00144877521603848,0.0204909423445845
"Et_3B_030956",937.962430326273,-1.59322258084967,0.5003965348972,-3.1839200908475,0.00145295116076005,0.020530515233177
"Et_9B_064689",38.6312062391955,-1.23714195466424,0.38868818040643,-3.18286486965112,0.00145825653820386,0.0205917306295587
"Et_2A_018838",22.5266666527415,1.63642451310275,0.514171474993535,3.18264352008894,0.0014593716890845,0.0206006036964829
"Et_3A_023860",143.941850675437,-1.32512603422936,0.416418670185286,-3.1821964986338,0.00146162616324362,0.0206255482589097
"Et_2B_020642",13.5401883053497,1.67413726487621,0.526237129933789,3.18133626391366,0.00146597363972949,0.0206592598929679
"Et_3B_029923",126.581142672182,-1.25137527489459,0.393401972847752,-3.18090747190757,0.00146814512744326,0.0206640656251158
"Et_3B_029587",24.3243853889393,1.20877551621515,0.380136657950262,3.17984464516788,0.00147354027804152,0.0207039258189632
"Et_4B_038773",51.6074680715522,-1.7937546017639,0.564231168278181,-3.17911292854975,0.00147726525057342,0.0207287352136164
"Et_3B_027430",7.77927930244681,1.99953257020022,0.629047114169665,3.17866901406833,0.00147952932662816,0.0207467465549714
"Et_2B_021471",43.4368598204866,2.22852195645393,0.701141165891905,3.17842121510449,0.00148079455411265,0.0207507369304793
"Et_4B_037571",80.0977865636934,2.16682426698607,0.681715278933285,3.1784886358666,0.00148045021426981,0.0207507369304793
"Et_2A_015498",545.096077598196,1.10335642697899,0.347168373186627,3.17815939525648,0.00148213245342375,0.0207626102048637
"Et_2A_017330",28.0192004253237,-1.25915384948359,0.39642035454219,-3.17630978090854,0.00149161575540322,0.0208609315164125
"Et_2B_022113",40.5876730182048,-1.16701062099572,0.367480811138643,-3.17570492287673,0.00149472908015932,0.0208975667896737
"Et_2A_017021",54.17999311429,-1.28279237420126,0.403952607302619,-3.1756011745216,0.00149526369474803,0.0208981372396753
"Et_1A_007024",478.649711295806,-1.19112084080032,0.375137665311014,-3.17515661833849,0.00149755648516245,0.0209232718560829
"Et_1B_009839",20.3329000172843,-1.05408507240728,0.332019512921705,-3.1747684439735,0.00149956113580057,0.0209406387633229
"Et_10A_000072",98.5312786773885,-1.17797259068505,0.371230979391023,-3.17315271645009,0.00150793183456244,0.0210335119441933
"Et_1B_009816",306.631212403677,1.28867491671427,0.406446228249341,3.1705914021269,0.00152128963821147,0.0211849218457089
"Et_4A_035813",153.255808429095,-1.25094660060357,0.394635013537126,-3.1698824424911,0.001525006227385,0.0212227108000438
"Et_3A_023476",25.6985042351129,-1.04768279060335,0.330635481732976,-3.16869437336877,0.00153125321493136,0.0212842948270135
"Et_2A_017787",6.28210768140111,-1.6421574305386,0.518329845683242,-3.16817070098283,0.00153401421415137,0.0213130274270801
"Et_1B_014287",29.8925468436698,-1.0085215766573,0.318352305346392,-3.16794180447336,0.00153522248276195,0.0213228143979278
"Et_5A_041469",29.615226836605,-1.01813562167448,0.321456234711324,-3.16726045954217,0.00153882426590789,0.021358820247039
"Et_5B_044613",12.8817800684309,-1.63098382807466,0.515041869298667,-3.16670143787644,0.00154178522380715,0.0213788829198947
"Et_8A_058457",108.4625383484,-1.223890247284,0.386535261870624,-3.16630943671484,0.00154386465661083,0.0214007049681527
"Et_1B_009684",11.6137349444315,-3.72191456754236,1.1757091260802,-3.16567634373238,0.00154722845433469,0.0214403104739502
"Et_2A_015416",86.2505965648771,-3.25372506524744,1.02795853599563,-3.1652298719384,0.0015496047391362,0.0214591860472002
"Et_1B_013260",141.483310441378,-1.02580562856483,0.324110279814644,-3.16498948799612,0.00155088554111869,0.0214698973176785
"Et_4B_037553",30.7935252028542,-1.22108668560592,0.385872114626834,-3.16448543265895,0.00155357439007409,0.0214860353555345
"Et_4B_036635",230.338692605971,-1.1385267694252,0.359848839946923,-3.16390284763215,0.00155668749824839,0.0215065984411763
"Et_9B_066152",2036.79746091215,-1.97483219726693,0.624207357016974,-3.16374386662865,0.00155753802812415,0.0215065984411763
"Et_9A_061806",6.16977578659093,-1.55071052492507,0.490275739870213,-3.16293546430744,0.00156186951048452,0.0215584858720498
"Et_5A_040248",25.1112236779296,1.25640988585372,0.397420182726669,3.16141439328418,0.00157004961036641,0.0216502116359421
"Et_2B_021433",14.6178567142141,-1.53753705082985,0.486436367135047,-3.16081846405821,0.00157326517238651,0.0216592654832131
"Et_Un_068243",9.24544457755226,-1.75034131791845,0.554240991891774,-3.15808708400304,0.00158808110010029,0.0218277337305113
"Et_1B_009693",40.0871428153775,-1.47330066561878,0.466686699741241,-3.15693733383804,0.00159435606202116,0.0218926504038726
"Et_1A_008753",163.62957956165,-1.61695497406468,0.512348321842627,-3.15596812779518,0.00159966339423492,0.0219441668862307
"Et_7B_054878",56.1195594605519,-1.03352668790016,0.327590189705064,-3.15493784728615,0.0016053229966679,0.0219932888374832
"Et_3A_023111",104.806975011135,-1.84125245256082,0.58386930597596,-3.1535352753012,0.00161305732156192,0.0220778091359962
"Et_3A_026988",49.5499086238566,-1.18017509555079,0.374253323014483,-3.15341246951365,0.0016137361506227,0.0220799592286946
"Et_8B_059826",35.454304514084,-1.74262721207339,0.552646579997642,-3.15323983743974,0.00161469084723992,0.0220858812718789
"Et_2B_022071",16.5494932331441,-1.27969344487014,0.405957670339334,-3.15228295551224,0.00161999206618083,0.0221226409295814
"Et_7B_055422",2893.83733156528,-2.16348477513429,0.686321605128436,-3.15229006193012,0.00161995263696298,0.0221226409295814
"Et_3B_028793",1813.05314776187,1.08158884258279,0.343226441345798,3.15123985885778,0.0016257891684783,0.0221946443903231
"Et_5B_044751",1271.18043640712,-1.32883444559018,0.421806920772034,-3.15033817642919,0.00163081572728573,0.0222417407601457
"Et_3B_031628",7.04333979388603,-1.84016471586387,0.584266565791987,-3.1495293819688,0.00163533663277097,0.0222818565031769
"Et_2B_021130",674.026221574922,1.02895565899702,0.326734482619272,3.14921048659566,0.00163712232520598,0.0222990076609969
"Et_9A_063409",23.1546792891057,-1.2885620994357,0.409217426873757,-3.14884463567389,0.00163917316084637,0.0223197580974963
"Et_4A_033114",40.9086060243796,1.19740311413663,0.380360147822362,3.14807721311499,0.0016434827533105,0.0223601304067293
"Et_6B_050091",24.5078563341774,-1.40481944651113,0.446252882019269,-3.14803445112647,0.0016437231969597,0.0223601304067293
"Et_Un_066469",74.5795231770098,1.36936912271964,0.434967751887532,3.14820838275319,0.00164274540983562,0.0223601304067293
"Et_1A_009005",400.909682595148,-1.26368250007836,0.401492725866214,-3.14746051090213,0.00164695350312131,0.0223896794899113
"Et_2B_021118",18.4062961739474,-2.60612888914827,0.828945095811449,-3.14391013628852,0.00166706624711388,0.0225718466288149
"Et_3A_025430",29.6674818237477,1.15118413689801,0.366162348316097,3.14391728748755,0.0016670255096869,0.0225718466288149
"Et_3B_029101",11.9618351910227,-1.13505390250779,0.361037005889118,-3.14387135942621,0.00166728715882976,0.0225718466288149
"Et_3B_030952",167.324864984921,1.53862947152649,0.489461835381537,3.14351265063827,0.00166933199948526,0.0225850799930359
"Et_4A_033530",259.496379562356,-1.46610540337788,0.46650917623634,-3.14271503768906,0.00167388711102519,0.0226177849740057
"Et_7B_055749",151.412278261885,-1.19268036246654,0.379498739624176,-3.14277819116782,0.00167352602951563,0.0226177849740057
"Et_7B_055818",460.05886998302,-1.64595236420392,0.523705316509109,-3.14289794721854,0.00167284151823134,0.0226177849740057
"Et_1B_011545",65.6489379859787,1.13368301891897,0.360834649286292,3.14183524548245,0.00167892480358375,0.0226531825017416
"Et_3A_023791",116.796877942069,-1.23111239844609,0.391813591864166,-3.14208701282852,0.00167748176036005,0.0226531825017416
"Et_3B_028840",999.92755659562,1.05481738488676,0.335754345912661,3.14163434584743,0.00168007710981677,0.0226580188933861
"Et_1B_010889",8.04347437320835,-1.54790081962918,0.492771438740168,-3.14121456305704,0.00168248721965558,0.0226760697884791
"Et_9B_065129",138.28357118631,1.05011823617767,0.33436156883727,3.14066667359356,0.00168563761619972,0.0226896259279809
"Et_3A_023298",62.0456511656831,-1.19694102711435,0.381131502906331,-3.14049355140426,0.00168663420660427,0.0226958218198704
"Et_3A_023173",32.2424875120125,-1.24949255083908,0.397879510399455,-3.14037923084966,0.00168729259824482,0.0226974643222252
"Et_9B_064951",835.087700608633,-1.1048953610916,0.351884231473455,-3.13993996396214,0.00168982461150828,0.0227208845379465
"Et_1B_013239",1773.97857849819,-1.27850344504124,0.407249214268352,-3.13936381028542,0.00169315096351048,0.0227401297288999
"Et_1B_013767",9.09224380617793,-1.98106311841528,0.63102294951518,-3.13944702001305,0.00169267019061484,0.0227401297288999
"Et_9B_064772",578.473187435106,1.0057199813572,0.320341397788062,3.1395254821938,0.00169221696334324,0.0227401297288999
"Et_3B_031634",24.0655987010071,1.01017617705359,0.321793348842645,3.13920775767048,0.00169405295000239,0.0227450256485092
"Et_9B_064865",32.4954379427624,-1.17623153609828,0.374706318751919,-3.13907579678961,0.00169481603078881,0.0227480540510569
"Et_1A_008926",45.0377416233639,-1.03053773384689,0.328338148481156,-3.13864757602492,0.00169729445073769,0.0227679261247339
"Et_2A_015798",76.6803728551877,1.61626590376211,0.514958372963878,3.13863408892563,0.00169737256435575,0.0227679261247339
"Et_8B_059980",137.722237970469,-1.64376512254558,0.52403104625986,-3.13677049151484,0.0017081978654356,0.0228551797866692
"Et_6A_047805",96.2790208338314,-1.37343102441821,0.438061304422277,-3.13524844708554,0.00171708621635317,0.0229458695870079
"Et_8A_058338",33.816231072251,-1.18204027848682,0.377026615695275,-3.13516401569427,0.00171758051710397,0.0229458695870079
"Et_7B_053605",883.861693024906,-1.06301546212335,0.339087212155594,-3.13493232424103,0.0017189376193114,0.022955329772565
"Et_2B_021308",138.138195157954,1.0319847485445,0.329232927582198,3.13451256568755,0.00172139881179512,0.0229736984279941
"Et_3B_030922",575.862319163642,-1.3093059623189,0.417832607534237,-3.13356578378487,0.00172696203117434,0.0230116603146405
"Et_4B_039194",237.349410925209,-1.6230971250337,0.518113411227144,-3.13270625670433,0.00173202686125668,0.0230501184806234
"Et_6B_049268",866.574432271088,-1.11022326600596,0.354394521889121,-3.1327325831332,0.00173187152816664,0.0230501184806234
"Et_1A_005633",64.0433981716282,1.79639056583659,0.573664092162886,3.13143281996902,0.00173955579974989,0.0231284955844849
"Et_4A_033119",385.57452685457,1.02727178815002,0.32808508099919,3.13111399342343,0.00174144550208413,0.0231390812082261
"Et_5A_042714",20.3084082054013,-1.00231682804975,0.320111920937074,-3.13114496053641,0.00174126187558553,0.0231390812082261
"Et_4A_035735",246.973336876053,-1.10394716561509,0.352663008698272,-3.13031743728924,0.00174617498576324,0.0231946407399562
"Et_3B_027551",8.97706551502359,-2.30281369631783,0.735681960572766,-3.13017556462166,0.0017470185805792,0.0231971941195779
"Et_5B_043718",785.513161268771,1.02289050579704,0.326867611647191,3.12937247175505,0.00175180095200708,0.0232329101500907
"Et_5A_041286",728.660937876547,-1.47174390811732,0.4707667768793,-3.1262696953117,0.00177039111225565,0.0234061080508151
"Et_3B_028904",86.8909737837949,-1.20711364750435,0.386225132465161,-3.12541454720902,0.00177554648336229,0.0234596088591608
"Et_2A_016650",10.8236170496578,2.47413153029944,0.792092334617653,3.12353929228934,0.00178690004853293,0.0235654752427279
"Et_1A_007379",55.0149654902531,-1.54076582943002,0.49330577976974,-3.12334842326235,0.00178805938214142,0.0235734183963317
"Et_8A_058098",30.5720822667394,1.01137816002467,0.323884045169242,3.12265508322953,0.00179227653150696,0.0236069538790459
"Et_10B_003964",11.5867229790583,1.29932289868888,0.416170300875168,3.12209423872037,0.0017956944806318,0.0236252571210185
"Et_2B_021696",96.7949749579094,-1.02530693005686,0.328409998956721,-3.12203323076036,0.00179606664190612,0.0236252571210185
"Et_1B_013754",80.5914981594457,-1.46722355701537,0.469994331871153,-3.12178989728243,0.00179755173224081,0.0236258429719498
"Et_7B_055603",1526.79763857069,-1.35040523302998,0.432623762740263,-3.1214310200541,0.00179974405831407,0.0236390963835665
"Et_3A_026586",25.449512745239,-1.12168941721569,0.359474168215968,-3.12036167378176,0.00180629111010453,0.023703020086705
"Et_2B_019326",22.9214241298067,-1.22717489173904,0.393398742262059,-3.11941742539067,0.00181209044262756,0.0237570221598507
"Et_3B_028653",33.8468668459579,-1.29233045114245,0.41463052446337,-3.11682419622875,0.00182810553506271,0.0238997483874927
"Et_5B_045427",35.7660179238673,-1.0715608533385,0.343882791293433,-3.11606419532678,0.00183282368266027,0.0239324585776558
"Et_2B_019058",11.9883411697086,-1.51531251019374,0.486553705224625,-3.11437872925904,0.00184332714238756,0.0240621852763237
"Et_5A_041321",54.383706182911,-1.05070936354269,0.337568755617018,-3.11257883337626,0.00185460474691949,0.0241870178396404
"Et_1B_009730",37.9705567386131,-1.37448591343065,0.441650834126304,-3.11215513981703,0.00185726868374696,0.0242068403745523
"Et_4B_037957",886.952449296797,-1.14325131751763,0.367380128223199,-3.11190298464662,0.00185885575586237,0.0242200663756452
"Et_5B_043123",19.5935603142189,-1.50267752737473,0.4831845821116,-3.10994510794978,0.00187122114868691,0.0243561911042649
"Et_1B_010462",18.0458359777115,-1.75673570591086,0.564983790785201,-3.10935594005164,0.00187495692924435,0.0243848116919548
"Et_3B_028430",16.2349856058376,-1.27153190611709,0.408958259361229,-3.10919727627742,0.00187596415067309,0.0243904156241122
"Et_6A_047572",44.6588469772899,-1.06160868580458,0.341489240470784,-3.10876174119286,0.0018787315479786,0.0244039039626932
"Et_8B_059191",15.026819200625,-1.30008715374307,0.418200221757597,-3.10876725095724,0.00187869651543521,0.0244039039626932
"Et_7B_053562",10.184407334253,-1.79389412896933,0.577387105848283,-3.106917544225,0.00189049121309938,0.0244998238795596
"Et_3A_024740",51.2227146108062,-1.08501507492777,0.349516919386336,-3.10432775853251,0.00190711933652159,0.0245999919451528
"Et_6A_047330",53.3926094422375,-1.56927745571389,0.5054647255205,-3.10462308541498,0.00190521638202809,0.0245999919451528
"Et_6A_045889",16.043977106637,1.86942465863623,0.602123827892198,3.10471795341559,0.00190460546517254,0.0245999919451528
"Et_6A_047865",339.869254699907,2.69667700042936,0.868686448191221,3.10431572409629,0.00190719691805402,0.0245999919451528
"Et_4B_037515",41.5399418492051,2.5992510207164,0.837479378424873,3.10365972903721,0.00191143026176352,0.0246470836922096
"Et_4B_040030",90.4989406091756,-1.4585441786051,0.470123148625846,-3.10247258163819,0.00191911324517334,0.0247310817709305
"Et_3B_028413",194.304056941381,-1.30323280458981,0.420150657558062,-3.10182259897978,0.00192333180858488,0.0247552926214453
"Et_4A_035396",14.3157130448291,-2.07979700702439,0.670497400790605,-3.10187184107207,0.00192301191620345,0.0247552926214453
"Et_9B_065009",1107.25263288136,1.57364195401874,0.507591817481106,3.10021142938798,0.00193382547594802,0.0248752261830152
"Et_5A_040166",97.7026496745428,-1.17647334763967,0.379577486889985,-3.09942867602328,0.00193894255790506,0.0249258958233724
"Et_7A_051965",112.870684922899,-1.30174400551383,0.420019631115263,-3.09924562825161,0.00194014098558895,0.0249337280625946
"Et_7B_055703",5.43407067871599,-1.89778565110128,0.612877111827452,-3.09651904839869,0.00195807281155279,0.0251031933913705
"Et_1A_006450",67.6284274189245,1.57440658120385,0.508783429501743,3.09445333694472,0.00197175948700106,0.0252327975475914
"Et_3B_030182",187.461021108232,-1.14842427904945,0.371116583152189,-3.09451081192591,0.00197137749333928,0.0252327975475914
"Et_4A_033998",1063.28549776132,1.10682229846138,0.357723882740465,3.09406878283383,0.00197431708223786,0.0252502565488988
"Et_4B_039037",13.4429699687131,1.28683756450779,0.416095724742931,3.09264788842235,0.00198379361295753,0.0253408227287542
"Et_2A_017606",33.6013706188072,-1.46942838452706,0.47526685467782,-3.09179647194874,0.00198949204639879,0.0253906222568144
"Et_5B_044998",36.2667122991603,-1.46026764795754,0.472340270194231,-3.09155864977819,0.00199108644531342,0.0253956535158722
"Et_7A_053112",78.6419884913086,-1.46475412438757,0.473779839668948,-3.09163455627631,0.00199057742829782,0.0253956535158722
"Et_7A_052901",39.2125633825805,-1.05968157795536,0.34284380247552,-3.09085819928455,0.00199578919675574,0.0254096867649528
"Et_7A_050203",11.3337224001492,-1.47104987134356,0.476042141351268,-3.09016732671591,0.0020004376272718,0.0254612091386895
"Et_5A_041058",48.2582168467986,1.22897475407858,0.397795702313163,3.08946212071208,0.00200519274414713,0.0254859273206243
"Et_2A_014659",44.7666548639251,-1.65233519557972,0.535025898000318,-3.08832750294031,0.00201286510701753,0.0255502253536238
"Et_7B_054587",33.5177305967364,1.07066442789734,0.346708136626315,3.08808566858443,0.00201450388645936,0.02555569678506
"Et_9B_065851",121.600075069398,-4.85500059574926,1.57276419543503,-3.08692212719552,0.00202240570180616,0.025579261596066
"Et_2A_018029",20.037667535436,1.05355488250307,0.341492904095992,3.08514428811359,0.0020345342641762,0.025694267400757
"Et_9B_064412",31.0846634953586,-3.51945238853603,1.14101713424612,-3.08448688709776,0.00203903598352982,0.0257329665471809
"Et_3B_030669",11.8245286429434,-3.74829183035463,1.21539476438576,-3.08401182906934,0.00204229474966523,0.0257538479755163
"Et_5B_044130",13.4455249359026,-2.04028779122116,0.66159802885082,-3.08387827993547,0.00204321171973933,0.0257577360677297
"Et_9B_063857",78.3811535965407,-1.08145640986882,0.350724907523055,-3.08348904418125,0.00204588643103924,0.0257837741993987
"Et_6A_048122",787.527032326112,-1.06647806818542,0.345878930277683,-3.08338547054375,0.00204659869893825,0.0257850720271113
"Et_5B_043681",16.8582754246694,-1.5210016332894,0.49338659629183,-3.08277858523289,0.00205077677643411,0.0258223365601582
"Et_5A_041461",52.9061102463182,-1.0545936959989,0.34210393704128,-3.08267044547822,0.00205152208113336,0.0258240376185496
"Et_2B_022692",11.9701666539277,-1.18039377425496,0.383289042318353,-3.0796439342885,0.00207248201883412,0.0260336714268507
"Et_5B_045657",66.3706823655984,1.42529441191174,0.462964348452903,3.07862671645166,0.0020795706935897,0.0260994756087533
"Et_3A_024796",8.77908692762046,-1.49885258547642,0.487091508174727,-3.0771478465988,0.00208991615407194,0.0262020512233968
"Et_1A_008697",240.182502250022,-1.15815802865813,0.376447986701303,-3.07654196481887,0.00209416822599048,0.026220506012807
"Et_4B_038503",182.129179704852,-1.2554001071005,0.408094039449492,-3.07625200503787,0.0020962059667019,0.0262304661474939
"Et_7B_053651",84.6666082457506,-1.44369021679848,0.469374206442889,-3.0757766340408,0.00209955065072163,0.0262645532186046
"Et_4B_038041",339.516730498291,-1.37565560707851,0.447368428059751,-3.07499483824721,0.00210506196831721,0.026315777623436
"Et_4B_038711",150.84615229185,-1.18504545652161,0.385430721873049,-3.07460041265713,0.00210784752847667,0.0263294295764854
"Et_1A_009443",35.5506484511142,-1.12704490415952,0.366656523963301,-3.07384385794354,0.00211320002362781,0.0263729357121583
"Et_8B_059302",9.44134615903424,1.40139175601886,0.45589893321129,3.07390882919522,0.00211273987436083,0.0263729357121583
"Et_2B_022457",48.9427497939328,-1.10610296377431,0.359855409064464,-3.07374277532719,0.00211391610901762,0.0263740948507151
"Et_7B_053900",213.246589689964,-1.20367921106857,0.391647944917653,-3.07337042537439,0.0021165558155626,0.0263992461286794
"Et_8A_056237",20.1029696761986,-1.53079436713221,0.498108878592252,-3.0732123696701,0.0021176772360553,0.026405450981102
"Et_3B_030808",99.6902240086785,1.12147404176469,0.364945366752276,3.07299158705567,0.00211924462219401,0.0264172113140649
"Et_5B_043942",12.4237838909953,-1.17969215384014,0.383918257277682,-3.07276908945461,0.00212082525961704,0.0264291298548271
"Et_3A_024005",37.7751519469421,-1.09985756092588,0.35796911614844,-3.0724928808378,0.00212278896762535,0.0264332781222699
"Et_2A_015773",12.6654943495625,-1.1999073116857,0.390643800639646,-3.07161488220458,0.00212904218699213,0.0264634485375618
"Et_4B_037130",1296.07919756532,1.43481696158808,0.467124888546717,3.07159176650161,0.00212920704797727,0.0264634485375618
"Et_9A_060883",21.261258052616,-1.18570921540502,0.386041003031105,-3.07145926493586,0.00213015227383137,0.0264674234376229
"Et_10A_000759",29.9193241929578,1.46945689756459,0.478506734700236,3.07092208113883,0.00213398832300513,0.0264917529567548
"Et_7B_055224",160.331238531504,-1.1797486477542,0.384189517264603,-3.07074658401383,0.00213524292648474,0.026491785590394
"Et_1B_014340",852.052106450059,1.50910084278629,0.491503426265842,3.07037705566279,0.00213788684265579,0.0265168145314165
"Et_10A_000412",13.8918240621672,2.13464063024766,0.695371376391888,3.06978501376313,0.00214212906555011,0.0265538670340013
"Et_3B_029686",25.2029897429501,-1.0920904899579,0.355790034293593,-3.069480268401,0.00214431569862913,0.0265576354597555
"Et_4A_032933",89.3903786284258,-1.17407597915065,0.382485359026677,-3.06959717919232,0.00214347658920565,0.0265576354597555
"Et_2B_019764",1124.40514786299,-1.15731480107094,0.377326389588708,-3.06714513748279,0.00216113895730472,0.0267150411302227
"Et_2B_021650",577.114378006498,1.15868298551838,0.377846205995377,3.06654656612472,0.00216547075565659,0.0267335829578142
"Et_7B_053858",9.55006268016022,-1.68941681300291,0.550897737729039,-3.06666137342872,0.00216463929075831,0.0267335829578142
"Et_2A_018565",50.4117864081876,-1.0234574869174,0.333902005594304,-3.06514327488322,0.00217565745049956,0.0268280370935726
"Et_6B_049106",213.190284193045,1.84886911059512,0.603438813631513,3.06388828300349,0.0021848048085464,0.0268859957829845
"Et_4A_035589",15.1067319141287,-3.78255004543909,1.23465331813345,-3.06365356969806,0.00218651948998712,0.0268992746558881
"Et_10A_001416",29.6625999292999,-1.94627882140572,0.635326291008269,-3.06343189153553,0.0021881400766885,0.0269054690191754
"Et_5A_043006",32.0353455295354,3.28117220842476,1.07151770616256,3.06217264498191,0.00219736675571473,0.0269934865317409
"Et_5B_043757",6.80876284906782,-1.73680884856922,0.567209988694693,-3.06202091498089,0.00219848090700747,0.0269993360373059
"Et_6A_045925",64.5018525748832,-1.52911876320318,0.499401084204547,-3.06190517315112,0.0021993311457595,0.0270019420042187
"Et_2A_014501",11.2565912880261,-1.46134812741757,0.477366172799643,-3.06127289842743,0.00220398115433537,0.0270355021598472
"Et_2B_019463",191.664766115897,-1.07263583936943,0.350369265806355,-3.06144386523408,0.00220272290604105,0.0270355021598472
"Et_2A_017079",85.2982014217172,1.55485261085315,0.507925607315711,3.0611817724061,0.00220465207502181,0.0270358956287809
"Et_4B_037021",27.2493241335547,1.79596455923036,0.586860437006998,3.06029244089074,0.00221120966516523,0.0270606282537355
"Et_4B_038257",77.9207943287491,-1.14867911881052,0.375341881269107,-3.06035424271493,0.00221075338485725,0.0270606282537355
"Et_5A_042925",11.5877559131941,-1.29335209889033,0.422588424092309,-3.0605478644342,0.00220932444231522,0.0270606282537355
"Et_7B_054756",34.7137379630682,-1.78756153266632,0.584050942799607,-3.06062605446328,0.0022087476341198,0.0270606282537355
"Et_7B_055326",10.1111156660201,-1.5385268801439,0.502811431700688,-3.05984864930388,0.00221448869599098,0.0270780588310714
"Et_2B_019986",20.2049605603309,-1.23416473329048,0.403434185555214,-3.05914763170603,0.00221967736584061,0.0271280740659558
"Et_2A_016790",409.691340567708,1.71720272862549,0.561457282657217,3.05847440520935,0.00222467082157832,0.0271711599333894
"Et_3B_027508",10.6876777042986,-1.62351553755364,0.531091076442583,-3.05694373256742,0.00223606246029634,0.0272866676239162
"Et_7B_054323",26.6556372315486,-1.40399255728124,0.459379274405397,-3.05628189059794,0.00224100458168689,0.0273233402180896
"Et_6A_048061",242.13731672278,-1.04638143234652,0.34263430824099,-3.05393069864606,0.0022586424998087,0.027487526512021
"Et_4A_032162",86.5400799982591,-1.2440050097506,0.407415055753061,-3.05340951981068,0.0022625694041282,0.0274996739514224
"Et_2B_020340",305.028801390155,-1.32625919975014,0.434378397687834,-3.05323470690469,0.00226388795984998,0.0275072461845682
"Et_2B_022521",15.3202652931816,-1.16734656900222,0.382593212491136,-3.05114291338679,0.002279720368452,0.0276440590237504
"Et_9B_063801",13.1451876652067,-1.20582125297856,0.395238007551108,-3.05087372656749,0.00228176514480822,0.0276450904461162
"Et_3A_025935",26.6763282143024,1.77175939969728,0.580848813852977,3.05029356597041,0.00228617783016745,0.0276747842599217
"Et_4B_037725",8.88048408209668,-1.78735760597184,0.585981064613922,-3.05019686455133,0.00228691409808458,0.0276757805636087
"Et_2A_016620",39.4309002378111,-1.08074606161105,0.3544440785693,-3.04912996705557,0.00229505170173773,0.0277531011775738
"Et_4A_035171",27.8012761320397,-1.88912808661537,0.619574815390985,-3.04907178227254,0.00229549625937587,0.0277531011775738
"Et_1A_009546",31.4856246442621,1.55757123842572,0.510874663830184,3.04883242153394,0.00229732591174729,0.0277620881168319
"Et_1A_006103",1325.93842170094,1.14100151103235,0.374282611794618,3.04850258888985,0.00229984931198567,0.0277663555894679
"Et_9B_066263",282.926884567842,-1.05207276313526,0.34511803986499,-3.04844326175134,0.00230030346636755,0.0277663555894679
"Et_1A_008335",24.7340120505541,1.58511580316952,0.520176839067983,3.04726332300688,0.0023093530802052,0.0278438240325596
"Et_3B_028557",97.1071099178946,1.16909610401047,0.3837235485388,3.04671451221154,0.00231357331922556,0.0278564929619124
"Et_4B_036580",19.7903315825269,-1.25435382762871,0.411714945988223,-3.04665604164049,0.00231402336167387,0.0278564929619124
"Et_7A_050346",458.931357354182,1.30242909092932,0.427466724013648,3.04685491937318,0.00231249294595632,0.0278564929619124
"Et_4B_036192",210.421815128208,1.06783473753091,0.350526464417383,3.04637408563652,0.00231619467608323,0.0278707303644703
"Et_3B_029425",218.513243534891,-1.24090164846638,0.407418630227633,-3.04576559931258,0.00232088692729402,0.0279160778652317
"Et_9A_063140",8.43858036944523,1.77881530027509,0.584106022719076,3.04536373721078,0.00232399059836765,0.0279327697026183
"Et_5A_042313",112.7666168283,1.17375008191195,0.385510922018884,3.04466103259832,0.002329426879586,0.0279822155958216
"Et_1B_013575",66.8331790511647,-1.63333166012407,0.536547859104282,-3.04414905848431,0.00233339495725145,0.0280139786073422
"Et_2A_018107",85.3572685848558,-2.19403865987827,0.721222762779504,-3.04210955769437,0.00234926371781655,0.0281725249470095
"Et_9B_064019",28.5685769092691,-1.01158173208436,0.332607257438987,-3.04136999256527,0.00235504242944219,0.0282178356778011
"Et_2A_016120",58.4056841302193,-1.02060484802625,0.335716023851482,-3.04008380749129,0.00236512325323062,0.0283014673102772
"Et_2B_019944",9.66156318444779,-1.69633808221896,0.55799623901084,-3.04005289574362,0.00236536601787454,0.0283014673102772
"Et_7B_054446",14.8333265804,-1.98143118221094,0.651797565858807,-3.03994872948046,0.00236618425302608,0.0283015177383473
"Et_8B_060543",12.2622174953598,1.42321754498722,0.468213780244428,3.03967462094823,0.0023683386380126,0.0283087055167884
"Et_1B_013008",14.1904241104713,1.11665492744741,0.367392851561053,3.03940297886237,0.00237047540931727,0.0283225633321024
"Et_7A_050644",21.120508315861,-1.0713525593752,0.352654873113691,-3.03796329231444,0.00238182966306218,0.0284501923061788
"Et_2B_021999",13.1229049723327,-1.93771688392917,0.637945663750093,-3.03743248686497,0.00238602846855626,0.0284923038344529
"Et_4B_039566",23.7228442648199,1.7888583151213,0.589100898313323,3.03659071008557,0.00239270103150965,0.0285478172127117
"Et_3A_026561",14.3917085959781,-1.26482701077686,0.41656171300195,-3.03634964831956,0.00239461501426608,0.0285626007338615
"Et_7B_053871",51.0789745021117,-1.14061951316094,0.375694605265683,-3.03602845815239,0.00239716737846886,0.0285769361850147
"Et_5B_043994",14.0252854848647,-1.40879409970041,0.464075873671149,-3.03569778052866,0.00239979773710242,0.0285955564276771
"Et_6A_046484",32.38025313774,-1.85101573376387,0.609756816567712,-3.03566222380775,0.00240008072852338,0.0285955564276771
"Et_1B_013097",349.037312430264,-1.26921818010246,0.41837261562411,-3.03370281109125,0.00241572275102362,0.0287495463507648
"Et_1A_006875",10.5646969395022,-2.03076477749186,0.669491010510064,-3.03329655755152,0.00241897753524873,0.0287801881618573
"Et_3A_023394",36.5142121717434,-1.05036463989235,0.346329411148985,-3.03284851381132,0.00242257178427212,0.0288148504526127
"Et_1A_009098",10.7737343208457,3.89829518079802,1.28718034726098,3.02855399330272,0.0024572716244752,0.0291538365987639
"Et_2A_017044",23.7005075469631,-1.87614139568099,0.619835142782548,-3.0268393419235,0.00247125265088239,0.0292868698362763
"Et_2A_016822",7.6892687288791,-1.22083262962138,0.403389148687909,-3.02643894510387,0.00247452789548383,0.0293092696716697
"Et_1A_009213",382.763800122178,1.21507616995435,0.40157225833246,3.02579708817533,0.00247978657045387,0.0293633373423637
"Et_2B_021898",220.848191798912,-1.31387052784721,0.434246890276432,-3.02563025151621,0.00248115512115237,0.0293654001242802
"Et_5B_044638",35.5684338825737,-1.30742703931561,0.432120622001962,-3.02560667727096,0.002481348554925,0.0293654001242802
"Et_7A_052981",185.344521160759,-1.09154767282404,0.360807477556428,-3.02529116141538,0.00248393878585918,0.0293732253461843
"Et_8A_057622",113.317984540551,-1.57186083466896,0.519666598218969,-3.02474863702253,0.0024883984305636,0.0294077133709722
"Et_2B_019559",15.2952460120006,1.29658422517775,0.428681629778802,3.0245854618188,0.00248974119133212,0.0294093084343969
"Et_6B_048349",178.260993884724,-1.78730574031802,0.590972930186125,-3.02434451567031,0.00249172513753148,0.0294093084343969
"Et_10B_004139",20.6984219369295,-1.16918476439409,0.386749305013238,-3.02310760288004,0.0025019326441703,0.0294935346800243
"Et_9B_065812",140.347051684576,-1.17108245390465,0.387436649932698,-3.02264242194971,0.00250578139439166,0.0295197179767675
"Et_3A_026736",126.998356017104,-1.43310437625765,0.474413359397831,-3.02079262286517,0.00252113965874029,0.0296161401736092
"Et_4A_035096",4466.29462197858,-1.94611285119476,0.644385907640682,-3.02010461141235,0.00252687392251068,0.0296502916819099
"Et_7A_052715",9.84621853594593,-1.94477363460228,0.643967197839697,-3.01998865955652,0.00252784150255981,0.0296502916819099
"Et_9A_061976",124.276410071487,-1.04865095530717,0.347427032824279,-3.01833437306979,0.00254168293591482,0.0297141973409591
"Et_4A_035031",36.7140180556264,-1.87753587635469,0.622083364390368,-3.01814191445972,0.00254329773255869,0.029724484960476
"Et_Un_067903",11.6116219002918,-3.60110068208556,1.19347917355541,-3.01731338248473,0.00255026013246483,0.0297811834453398
"Et_2A_014544",44.7112747030816,-3.73523352984158,1.23805479019774,-3.01701795382174,0.00255274692001931,0.0297977911691288
"Et_2B_020020",42.6459679850305,-2.1168755135443,0.701654472235222,-3.01697715515257,0.00255309051935872,0.0297977911691288
"Et_4A_033503",97.61138276739,-1.06932825831076,0.354582046672396,-3.01574281141968,0.00256350596752394,0.0298617045267309
"Et_10A_002305",84.0927361244856,-1.07812211579857,0.357731537668162,-3.01377430356351,0.00258019674758309,0.0299742802396085
"Et_8B_059082",24.3959691553899,1.0761951942081,0.357129043900272,3.01346309573363,0.00258284452558603,0.0299961526681671
"Et_5B_045392",23.505483379423,-1.07265122057646,0.356010219381354,-3.01297873538693,0.00258697044024623,0.0300310399167471
"Et_9B_063784",20.3653516036572,-1.30654660841174,0.433755056521503,-3.01217608594488,0.00259382089881791,0.0300823514491571
"Et_4B_036886",376.887735998671,-1.088709944244,0.361789530629924,-3.00923562477999,0.0026190590903874,0.0303078467322575
"Et_9B_065737",15.7882819421878,-1.08921446665226,0.361968195302428,-3.00914412036176,0.00261984806910161,0.0303078467322575
"Et_6A_047800",10.5188602961347,-1.27340641752469,0.423423553623944,-3.00740572088166,0.00263487840860381,0.0304334209203366
"Et_3A_023378",13.6772458852307,-2.3143984294757,0.769709620742521,-3.00684617563056,0.00263973302419248,0.0304653721551746
"Et_7B_053268",5.35055195461065,1.65903936670321,0.551816059193137,3.00650794601566,0.00264267146825409,0.0304735303914205
"Et_4A_034709",125.025013846094,-1.25469092646412,0.417357258988552,-3.00627555755184,0.00264469212659018,0.0304885237802496
"Et_10A_001838",684.313796383041,-1.38001346392689,0.459258464523702,-3.00487322614316,0.00265691564721309,0.0305961007319886
"Et_2B_019008",14.6179272940016,1.69488348111442,0.564040941039043,3.00489442839416,0.00265673045248165,0.0305961007319886
"Et_1A_005114",17.8375380775387,-1.41120391727491,0.469774734908804,-3.0040013061768,0.0026645418106784,0.0306339063917169
"Et_3B_027934",8.67583660994034,-1.39968003508683,0.465980944620908,-3.00372805206771,0.0026669359153577,0.0306531037311075
"Et_1A_008886",124.479790637833,-1.10706439701147,0.368612245239679,-3.00333049514304,0.00267042260507852,0.0306765159193602
"Et_3B_027875",70.1079883727415,1.17916476743879,0.392610693553681,3.0033944230242,0.00266986165804399,0.0306765159193602
"Et_2A_015330",52.476652594109,1.63468527183933,0.544461592039199,3.0023885903813,0.00267870001736877,0.0307382279650342
"Et_7B_053941",101.430551280787,-1.54108800608088,0.513381950378456,-3.00183519296854,0.00268357417471137,0.0307858116220615
"Et_10A_000466",376.543525815063,-1.52941916181171,0.509664676342449,-3.00083414214109,0.00269241172430635,0.0308598520329808
"Et_2B_018886",68.8263600457601,-1.17493529227638,0.391581826663312,-3.0004847321135,0.00269550266741039,0.030880799373256
"Et_4B_036856",28.2408390407348,2.73745544484471,0.912589909745448,2.9996556126818,0.0027028501854081,0.0309424627732665
"Et_4B_039501",328.44810292161,-1.35709521933603,0.452547602994051,-2.99878998442925,0.00271054076189206,0.0309919425274055
"Et_8B_060803",26.8528305271624,-1.41831391580555,0.47303094895254,-2.99835331905071,0.0027144278484227,0.0310136572746352
"Et_9A_063250",15.4836836018048,-1.72210189896214,0.574907360859984,-2.99544242464753,0.00274047031944215,0.0312521433357025
"Et_1B_014263",169.426490716677,-1.49563249743761,0.499617059033999,-2.99355770663515,0.00275745357681096,0.0314204187858481
"Et_1B_012304",17.532752911234,-1.37240307234883,0.458679400734197,-2.99207479156914,0.00277088369612631,0.0315311884964989
"Et_2B_019062",48.8289713523601,-1.07782316281092,0.360210009707984,-2.99220769485194,0.00276967761578961,0.0315311884964989
"Et_3A_027117",541.162958408983,-1.50949277616473,0.50449731044958,-2.99207299008106,0.00277090004769564,0.0315311884964989
"Et_1A_008454",933.952221017613,1.19731449167661,0.400246038643737,2.9914462007764,0.00277659458009332,0.0315790063503223
"Et_9B_064719",71.1766984454459,-1.0738792857105,0.359018505715124,-2.99115301472121,0.00277926191393489,0.0315923621267055
"Et_7A_051528",14.2995292305453,-1.43698433010886,0.480460873990069,-2.99084568151238,0.00278206046738347,0.0315996550935898
"Et_9A_062795",12.761545223428,-1.20838239590547,0.404069151552768,-2.99053365311821,0.00278490440770333,0.0316225260354185
"Et_3A_026300",21.5737873354998,-1.11697612046092,0.373602944558441,-2.98974121250856,0.00279213893834015,0.0316902552334266
"Et_9A_061386",15.3027777600138,-1.28214064432915,0.429070986105146,-2.98817838038331,0.00280645703218915,0.0318193966319479
"Et_3B_031395",145.48804420661,-1.31994149012803,0.441757507389566,-2.98793222084176,0.00280871835802934,0.0318274936418796
"Et_1B_013343",18.8185659851562,-1.17142739389058,0.392202275138049,-2.9867939788933,0.00281919638222836,0.0319177075697978
"Et_4A_032489",27.9365439111468,-1.062808514924,0.355850820784704,-2.98666871859491,0.00282035163657927,0.0319222469269951
"Et_1A_004506",34.3965442756063,-1.89091214602619,0.633414635543664,-2.98526753238534,0.0028333040342731,0.0320431391583211
"Et_1B_012446",81.3296709876531,-1.87416882271691,0.628029353218382,-2.98420577495717,0.0028431549393632,0.0321202127693141
"Et_2A_014956",41.8933213639939,-1.21129594529121,0.406029970292873,-2.98326732979217,0.00285188778656233,0.0321861457896764
"Et_8A_058303",28.9972165752271,-1.9189117709595,0.643370892081859,-2.98259028279965,0.00285820335237423,0.0322385836547115
"Et_1B_009778",4.67696858722643,2.03852259711242,0.683534336945309,2.98232654444619,0.00286066698540456,0.032257774266539
"Et_5B_044050",15.3034199928657,1.66526939793292,0.558521267613944,2.98156846389594,0.00286775916721819,0.0323243325632833
"Et_7B_053387",11.4072975585936,1.84849450434233,0.619981360184302,2.98153238638146,0.00286809708825919,0.0323243325632833
"Et_10B_003585",57.3984375886503,-1.07541108480508,0.360731688962282,-2.98119382829582,0.00287126997358378,0.0323514763796766
"Et_1A_005486",11.7570653571119,-1.46826931710122,0.492582943184405,-2.98075549999618,0.00287538264134601,0.0323805730127098
"Et_5B_045370",67.7763577908152,-1.26766056623032,0.425347175388823,-2.98029618998061,0.0028796979418231,0.0324033014884215
"Et_4A_035102",4666.32730389291,-1.90753027889075,0.64008254610615,-2.98013168847509,0.00288124490043388,0.0324120904269968
"Et_5A_042987",6.08709060440277,-3.724882995349,1.2503140033002,-2.97915802391814,0.00289041670512708,0.0324915356447718
"Et_6A_046561",8.83586289742143,-1.46072406272119,0.490485353319542,-2.97811963769193,0.00290022754064791,0.0325650383444466
"Et_3A_023402",286.140953994939,1.13821578591462,0.382227246890344,2.97785099093462,0.00290277070153651,0.032581684636687
"Et_7A_051439",8.06965968301262,-1.35317162210092,0.45444465648427,-2.9776378768968,0.00290478960619612,0.032581684636687
"Et_2B_022176",250.598693341425,-2.22260000882776,0.746937273616756,-2.97561801684588,0.00292398819012828,0.0327362910598489
"Et_5B_044959",554.148049622849,-1.38633714427729,0.46589647501221,-2.97563346930444,0.00292384087739479,0.0327362910598489
"Et_1A_006750",108.727203075561,1.01634027540678,0.34160400340766,2.97520013017502,0.00292797459344723,0.0327635866723127
"Et_3B_031507",13.0763448696845,-1.39120691083923,0.467746520863019,-2.9742752725822,0.00293681485534847,0.0328364609454022
"Et_3B_030903",51.9388398983368,-2.0722804793736,0.697212210940292,-2.97223778765841,0.00295637617740792,0.0330115672369138
"Et_2B_020639",7.90317688006594,2.55474901293709,0.859592273053897,2.97204743809616,0.00295820972925656,0.0330170100304946
"Et_1B_011833",15.2063386890902,-3.59265067735919,1.2091027540704,-2.9713361128859,0.00296507079325699,0.0330737469611587
"Et_7B_054398",411.552635095513,-1.18848338857974,0.400238584613987,-2.96943731630967,0.00298345674331311,0.0332175452188926
"Et_3A_026658",17.6648674345427,-1.21114048801817,0.407940607613017,-2.9689137717986,0.00298854445970317,0.0332654396461437
"Et_3A_027141",2363.46076431842,-1.40014161773216,0.471701715428959,-2.96827756171905,0.00299473769419545,0.0333256111539184
"Et_1B_012442",50.5599865706393,-1.20271917933804,0.405225242712127,-2.96802630381163,0.00299718680654134,0.0333440971747712
"Et_9B_064674",14.382368643065,-2.03980321894624,0.688160169022894,-2.9641401969581,0.00303529966648311,0.0336509301486523
"Et_3B_030668",37.7866922432373,-1.07182164365842,0.361800566570637,-2.96246535437405,0.00305186152458432,0.0337571300889724
"Et_7A_051888",1285.09449359644,1.17005380651625,0.395062813943708,2.96169055962571,0.00305955101167878,0.033813683669674
"Et_1A_007805",32.0481098695633,-1.16097416604074,0.392335830350745,-2.95913367128064,0.00308505250784429,0.033999849513534
"Et_2A_017002",77.429696002399,-1.08421279478371,0.366618885818674,-2.95732935951354,0.00310316455589558,0.0341372300508191
"Et_1A_005126",222.61787397468,-1.86296796282621,0.629980414932665,-2.95718393567098,0.00310462856369801,0.0341444596714397
"Et_9B_065312",11.8221516181315,-1.0606430223665,0.358732923033066,-2.956636969361,0.0031101406116971,0.0341873118667588
"Et_9A_062814",1502.06893729612,1.07692844301336,0.364292593722336,2.95621832991255,0.00311436547338922,0.0342159778904028
"Et_1B_010154",35.3982983122304,-1.16409315050331,0.393828519234302,-2.95583761370708,0.00311821216031498,0.0342286002338171
"Et_2B_019594",89.6606281782439,-3.03976968796555,1.02834039928513,-2.95599559258657,0.00311661544510858,0.0342286002338171
"Et_4A_035926",70.5716953629168,-1.11987108071928,0.378874051775642,-2.95578722129652,0.0031187216405113,0.0342286002338171
"Et_4B_036884",369.594517671117,-1.15535959209198,0.390880867244499,-2.95578445738889,0.00311874958652171,0.0342286002338171
"Et_7B_055946",56.3833011399075,-1.70680595342396,0.577471290102048,-2.95565508221603,0.00312005796095248,0.0342309614267438
"Et_1A_008910",45.8109317855981,-1.32506063414786,0.448399025666687,-2.95509258116192,0.0031257523682361,0.0342568804139677
"Et_3B_027520",21.604990467546,-2.48597385324569,0.841233463267598,-2.95515330974762,0.00312513713426426,0.0342568804139677
"Et_4A_034817",180.222280402082,-1.05045520039635,0.355477970922466,-2.95505006307541,0.00312618317955442,0.0342568804139677
"Et_3A_026783",20.3083967204969,-2.32504694203814,0.787050629868494,-2.95412627066524,0.00313555681197791,0.0342811829769121
"Et_4A_035042",163.551705003103,-1.11914414693505,0.378833264076895,-2.95418658565286,0.00313494402066004,0.0342811829769121
"Et_5A_040593",49.970378716563,-1.00645775821868,0.340861290483285,-2.95269010098417,0.00315018037685039,0.0344129152163935
"Et_8B_059562",55.9581605296888,1.00654750016917,0.341050005351784,2.9513194088091,0.00316419518286568,0.034539267510672
"Et_7B_053772",7.30943250467402,1.7460095067618,0.591953926936207,2.94956993663117,0.0031821654246464,0.0346972581496345
"Et_1A_007023",43.9667138077458,-1.29090171575079,0.437914647659522,-2.94783863168347,0.00320004058105827,0.034860533913626
"Et_4B_039855",135.950363590589,1.17433932317201,0.398428631730248,2.94742704125513,0.00320430355822333,0.0348770978858374
"Et_7A_052845",38.1369390653538,-1.01143214664133,0.343356321532265,-2.94572164021243,0.00322202215907416,0.0350349377625946
"Et_1B_012302",1163.45404765181,-1.12505951039468,0.382010861183543,-2.94509822812113,0.00322852147347398,0.0350965909985663
"Et_8B_058875",7.31154911543408,-2.16390733672467,0.734854246663402,-2.9446755551184,0.00323293479743914,0.0351084938741658
"Et_6A_047075",217.516769191666,-1.21816324887869,0.413701496590201,-2.94454639134497,0.00323428455220557,0.0351141411619651
"Et_10A_001173",11.6133031369378,1.33001888945389,0.451828602769444,2.9436358860454,0.003243813862237,0.0351814973474808
"Et_9A_063228",71.902408535252,-1.05328156114457,0.357930244823016,-2.94270064175599,0.00325362871649829,0.0352698686685982
"Et_6A_047997",15.1480091011351,-1.28140852029692,0.435748446585489,-2.94070703025564,0.00327464089677273,0.0354522391280179
"Et_3A_026724",18.7812053378409,-1.64034768178643,0.557860942341625,-2.94042396103419,0.00327763437926351,0.035472370343583
"Et_5B_044572",18.5176642549481,1.11005043255041,0.377632530812785,2.93949896255292,0.00328743371221393,0.0355543559164052
"Et_4A_033898",7.38125620501758,-1.84500354286825,0.627865442549068,-2.93853335099592,0.00329769176051548,0.0356379763291663
"Et_1A_006996",9.30933138020321,-1.54099912952266,0.524586881892219,-2.937547969107,0.00330818988653176,0.0356876359923589
"Et_4B_040060",874.074066797702,1.14832960110554,0.390979143231488,2.93706101971185,0.00331338901018189,0.0357164092997702
"Et_1A_005433",57.9007885515327,1.29195613394179,0.440193655933146,2.93497217992166,0.00333577594142675,0.0358937294282177
"Et_9A_063040",183.795727965075,-1.12177602276795,0.382254606767377,-2.93463048687499,0.00333945108449048,0.0359150114093106
"Et_1A_006469",10.2977847041686,-1.15498858033783,0.393684333316341,-2.93379360719886,0.0033484678799913,0.0359583041746914
"Et_2A_016599",38.3549543041864,1.52709224261184,0.520714962003529,2.93268362548318,0.00336046136359565,0.0360238621099299
"Et_3B_028476",10.366351945778,1.86148243424157,0.634676564498016,2.93296229665243,0.00335744661665461,0.0360238621099299
"Et_6B_049595",86.6769446239465,1.63570928157678,0.557695127345046,2.93298112422769,0.00335724302323506,0.0360238621099299
"Et_9A_063247",893.477837400663,-1.07987715862149,0.368243295991257,-2.93251002904105,0.00336234062699015,0.0360238621099299
"Et_2B_022628",8.8932323099981,-2.16931386504767,0.739766649498329,-2.93242993113948,0.00336320804716704,0.0360240355748188
"Et_1A_009111",420.629665400678,-1.05123217961055,0.358640977082393,-2.93115468333403,0.00337704581829514,0.0361174068815391
"Et_4A_035886",12.0376739597005,-1.42526881945761,0.486229920545136,-2.93126514686647,0.00337584512599,0.0361174068815391
"Et_1B_010887",51.4029819597929,-1.21548660950832,0.414732968828906,-2.93076919575632,0.00338123895351851,0.036153115844594
"Et_7A_052285",12.8908496553137,-1.21305447162538,0.414065456286197,-2.92962007143849,0.00339376667914142,0.0362012021989435
"Et_1B_012518",1626.87549135221,1.37904807478847,0.470773138594682,2.92932616951151,0.00339697756999409,0.0362206841629728
"Et_9A_062841",144.716025295972,-1.02659710985485,0.350478250764304,-2.92913214333872,0.00339909882944955,0.0362250975729803
"Et_2A_014496",34.8870531946101,-1.14901602603517,0.392365291308955,-2.92843442446702,0.00340673685625327,0.0362699632092172
"Et_7B_053214",6.28996669342054,2.94782456337287,1.00697189648313,2.9274149295211,0.00341792550937732,0.0363525025274813
"Et_3B_030449",6.2959239475489,-1.32421091202545,0.452401270986539,-2.92707159981619,0.00342170097358291,0.0363835138698565
"Et_2B_020838",105.1028699179,2.24036667565908,0.765497651045833,2.92668001345041,0.0034260117317407,0.0364049048647935
"Et_4B_038575",8.92143156912141,-1.7906902867518,0.611855728486318,-2.92665444382098,0.00342629338554992,0.0364049048647935
"Et_10B_004299",126.084879905148,-1.033548296923,0.353423056112613,-2.92439409101162,0.0034512750048702,0.036615181300102
"Et_2A_017925",13.3413117933397,-3.41935627339356,1.16967504331089,-2.92333865969706,0.00346299640800763,0.0366932919286334
"Et_2B_022285",194.222119868235,-1.09212709631148,0.373563827908726,-2.92353545691348,0.00346080807431581,0.0366932919286334
"Et_2B_022705",61.6225541930721,-1.67210124182764,0.571961960059503,-2.92344833851133,0.00346177665290838,0.0366932919286334
"Et_2A_017668",55.7174445647124,-1.24424038550932,0.425750177111726,-2.92246592579293,0.0034727161656417,0.0367413370324891
"Et_1B_010959",27.675147081036,-1.50969376512284,0.51659653987582,-2.92238458562991,0.00347362332591856,0.0367417493508806
"Et_1A_007356",34.7780003928774,-1.38124592584392,0.472754374125901,-2.92169888094166,0.00348127934311999,0.0368043322010587
"Et_2B_019687",11.2300180690416,2.69563409489179,0.922728637254409,2.92137253148736,0.00348492848483153,0.0368337096598578
"Et_7B_055890",18.4435221333225,-1.33680559674012,0.457994696847245,-2.91882330940174,0.00351355313613046,0.0370641160373568
"Et_6B_048582",2.85814092118811,2.47519633721477,0.848545501669764,2.9169871649123,0.00353430316177251,0.0371571881893204
"Et_6B_049192",30.8495187688179,-1.37080971927651,0.469823909519514,-2.91770957480309,0.00352612603573519,0.0371571881893204
"Et_2A_014597",3915.67967370424,-1.03631532249203,0.355341481566085,-2.91639275528629,0.00354104435727848,0.0372038225422109
"Et_3A_026753",76.9301519288888,-1.60695365548019,0.551245777844392,-2.91513099975853,0.00355539270491086,0.037326772332381
"Et_7B_054331",62.0172363201454,-1.78752682338526,0.61321338926261,-2.9150159710876,0.00355670340753602,0.0373312718767173
"Et_1A_006757",2342.29849460598,-1.00297723129071,0.344095360745264,-2.91482346381655,0.0035588979292044,0.0373356405641702
"Et_4B_038431",17.9224524242581,-1.35822012330252,0.465979396455542,-2.9147643299978,0.00355957228319845,0.0373356405641702
"Et_3A_026894",19.4313917244501,-1.95873976106262,0.672070629259742,-2.9144849897995,0.00356275941249762,0.0373577746127104
"Et_4B_036121",865.045369887818,1.12491937617355,0.386039622618807,2.91399978204919,0.00356830155705062,0.0373880965324046
"Et_4A_035486",8.42542674446858,1.93225913703322,0.663151550404397,2.91375197095582,0.00357113513183809,0.0374075979141682
"Et_3A_026042",59.1966316211355,-1.36481041143592,0.468603513405767,-2.91250571622181,0.00358541638089458,0.0374842856799177
"Et_2B_021106",5.57317935076998,-1.81745500612086,0.624037757639975,-2.91241192358972,0.00358649328113332,0.0374858966800598
"Et_2B_019818",29.6450693719272,-1.77340547574807,0.609049940736576,-2.91175707792261,0.00359402023401688,0.0375460222916796
"Et_8A_058182",35.3403039868181,-1.54365923665705,0.530249124535538,-2.91119620048253,0.0036004785141548,0.0375949298591243
"Et_4B_036650",455.969144976515,1.16040009137856,0.39862240595345,2.91102575782974,0.00360244318354672,0.0376061656457073
"Et_3B_031135",11.0540542954907,-1.70357584396466,0.585349717133506,-2.91035562860981,0.00361017712938993,0.0376590328113832
"Et_8B_059078",34.9548508993201,-1.28510214070324,0.441912164130372,-2.90804880474871,0.00363691573539673,0.0378726067721431
"Et_4A_032143",6.26315543519049,1.43331008935422,0.492940063367159,2.90767619812359,0.00364125150776924,0.0379084289812532
"Et_Un_067575",287.747966086354,-1.08858889264841,0.374513297336624,-2.90667621254034,0.00365291091189574,0.0380111113330287
"Et_1A_005318",24.1608576861953,-1.51727918251493,0.522067545645245,-2.90628903323163,0.0036574343664825,0.0380394746595083
"Et_3A_024783",65.8725581389419,-1.5025542018625,0.517031422310559,-2.90611776581729,0.00365943692519323,0.0380509510255964
"Et_4A_032956",14.1770582956803,-1.25274180839352,0.431113973391759,-2.90582510823683,0.00366286115624384,0.0380772007202749
"Et_3B_031080",39.6079946812193,-1.00358269630645,0.345429203324054,-2.90532093595159,0.00366876704222933,0.0381105108559512
"Et_2B_021369",42.2234580737054,-1.03539968959358,0.356509857200524,-2.90426665260817,0.00368114493472213,0.0381735000336781
"Et_4A_033771",111.212276593916,-1.12595616134331,0.387687290417937,-2.90428958898679,0.0036808752449082,0.0381735000336781
"Et_4A_033144",9.22256593445168,-1.40272775376048,0.483228563323571,-2.90282458493914,0.00369813712690168,0.0383027810108858
"Et_3A_025552",111.402386024476,-1.12364580953895,0.387373938929745,-2.9006747656887,0.0037236013266732,0.0385285720660406
"Et_3B_028923",45.8548836768647,-1.08090799343374,0.372679307395101,-2.90037029688854,0.00372722055856262,0.0385285720660406
"Et_9B_064409",191.460129438344,-1.72129446267964,0.593447810377324,-2.90049846436406,0.00372569663749128,0.0385285720660406
"Et_3A_026442",52.7402841639528,-1.14251897928509,0.394277771604235,-2.89775143710591,0.00375848333418709,0.0387940782642711
"Et_9B_065117",6.51012700479329,-2.06203383412206,0.711615088378841,-2.89768144014437,0.00375932218718752,0.0387940782642711
"Et_2A_014847",19.1703956975317,-1.91061462452847,0.659617462990547,-2.89654948773824,0.00377291130416547,0.038879589894653
"Et_1B_014243",32.9158053117626,-1.04487411667485,0.360835010706167,-2.89571157363581,0.00378299922176287,0.0389243128423454
"Et_1A_009313",76.4238423807364,-1.69821361082224,0.586692743102807,-2.89455363269196,0.00379698039034996,0.0390398955587002
"Et_5A_042063",159.589827342,-1.24203457789333,0.429122595475147,-2.89435837448291,0.00379934259111576,0.0390546947913576
"Et_5B_043795",27.3256889569319,-1.70187302785947,0.588095871088493,-2.89387004997929,0.00380525610567783,0.039091069464966
"Et_10B_003159",20.5232783532033,-3.86344498542912,1.33571593221959,-2.89241514025303,0.00382292439366327,0.0391923838032533
"Et_2A_018294",924.119546368965,1.19238762904122,0.412325492859333,2.89186007096585,0.00382968472379368,0.0392421800745211
"Et_2B_021648",162.335646819648,1.4765523087396,0.51060927633524,2.89174595365199,0.00383107593300978,0.0392421800745211
"Et_4A_034641",30.0001820437363,-2.50421306688631,0.866140694746592,-2.89123127694511,0.00383735608682036,0.0392737387168652
"Et_10A_000264",12.8629458483582,-1.82573541925777,0.631498238511039,-2.89111720020397,0.00383874933215967,0.0392784989692934
"Et_9A_062787",310.456501099897,1.43438251438471,0.496223346681443,2.89059860640845,0.00384508883234599,0.0393243497788502
"Et_3B_029411",467.504088222176,1.26852966261698,0.438861142438793,2.89050348720243,0.00384625263975351,0.0393267484209636
"Et_4A_035731",106.163805293316,-3.24008200399429,1.1211419548618,-2.88998372591782,0.00385261770393601,0.0393823143069015
"Et_2A_018672",14.8276376560199,-1.19955261873899,0.415233320485304,-2.88886406644105,0.00386636172207168,0.0394588941799823
"Et_5B_044862",26.1229198304017,-1.45478268041013,0.503806508690451,-2.88758214774072,0.00388215218287503,0.0395790605587259
"Et_6A_047944",24.1632852822899,-1.16316246070442,0.402837249716976,-2.8874252853271,0.0038840884053038,0.0395791801173525
"Et_7A_052786",32.7538213777111,-1.09317103581438,0.378590491572789,-2.88747620489091,0.00388345978637789,0.0395791801173525
"Et_1A_009452",246.607593530923,-1.31254254584421,0.454663711690108,-2.88684254339352,0.00389128913283744,0.0396149521533992
"Et_3A_026716",36.7895329813045,-1.37178593112301,0.475262063948897,-2.88637792742177,0.00389703890703981,0.0396497545348221
"Et_7A_050561",9.07671386587167,-1.30432459062751,0.451992338485434,-2.88572278680238,0.00390515959882065,0.0396797969320744
"Et_4A_033544",19.6180247878833,1.00347680271918,0.347767489209255,2.88548192069609,0.00390814907863343,0.0397006406643703
"Et_6B_049253",86.6088474604313,-1.77057964823149,0.614033312977815,-2.88352376134918,0.00393252977530634,0.0398908581234334
"Et_10A_002241",10.1429184379289,-1.66111124306653,0.576419496150072,-2.8817749124746,0.00395442106974546,0.0400744970478036
"Et_9B_065817",188.2160242808,-1.13253651930175,0.393164469986381,-2.88056680030366,0.00396960823333601,0.04019952630648
"Et_10B_003681",34.0390542220881,1.04552344240506,0.363090272571013,2.87951377766688,0.00398288894803918,0.0402941289020733
"Et_4B_039406",121.606350373567,-1.0791153147922,0.374764552663729,-2.87944872886756,0.00398371066460951,0.0402941289020733
"Et_5B_045758",48.5520260744424,-1.06400629781044,0.369501352053483,-2.87957348977827,0.00398213478164262,0.0402941289020733
"Et_1B_012088",69.3632028369095,-1.96465260299889,0.682367065469437,-2.87917266588372,0.0039871996907921,0.0403101507200959
"Et_2B_020931",706.982204350595,-1.48695683515705,0.51648997522649,-2.87896552978593,0.00398981940512822,0.0403131553035451
"Et_5A_042366",39.0524691750772,-1.00029091565582,0.347453140284922,-2.87892322641133,0.00399035462113777,0.0403131553035451
"Et_3B_028028",110.088324052039,-1.36418251122189,0.473969818590066,-2.87820544202577,0.00399944586480521,0.0403857191597605
"Et_2A_016366",43.6392299365989,-1.07013270944936,0.371947202467735,-2.87710917665038,0.00401336713340753,0.0404973049799253
"Et_6A_047191",25.1087066312758,-2.03077531576564,0.705969221174385,-2.87657769610328,0.00402013212657339,0.0405558978776128
"Et_5B_045569",127.363304864983,-1.33327469816542,0.463517847474447,-2.87642580632005,0.0040220673690693,0.0405657509673529
"Et_3A_024526",80.5069923181697,1.00709899318326,0.350331169432547,2.8747056529812,0.00404404310927691,0.0407291538278436
"Et_3A_026208",283.38479427703,-1.06617038995452,0.371007371718021,-2.87371753563121,0.00405671598911481,0.0408276386823635
"Et_3B_027806",10.7502403742935,-1.55709026740398,0.541924983215849,-2.87325795198444,0.00406262255012222,0.0408773624158755
"Et_1B_010947",12.5655840764054,-1.5408505489603,0.53643721120238,-2.87237819596185,0.00407395093667663,0.04096212963653
"Et_3B_027452",12.7340641816419,-1.14108170375998,0.397334119168208,-2.87184424571631,0.00408084044665982,0.0410119134891103
"Et_4A_035916",66.9968319974938,-1.60988867603807,0.560634909462717,-2.87154554392787,0.00408469917854542,0.0410409471120708
"Et_10A_000671",189.841519846189,1.1345849104887,0.395257094790852,2.8704985323263,0.00409825099369929,0.0411087892992069
"Et_2B_021977",12.7298671393611,-1.60646414544948,0.559702477918944,-2.87021088672423,0.00410198122322609,0.0411364562480873
"Et_3A_022972",22.8031336986862,-1.2722221961958,0.443471620286982,-2.86877928146227,0.0041205923553087,0.0412741937222874
"Et_4B_040080",175.947730824854,-1.27502605085744,0.444498049057918,-2.86846264805834,0.00412471898165567,0.0412934355405682
"Et_5A_041109",53.4498325732686,-2.38285898557826,0.83077581728942,-2.86823344636203,0.00412770846563108,0.0412966010083942
"Et_3B_029662",100.832193626725,-1.83973415372223,0.641748411595149,-2.86675295253062,0.00414706599896913,0.0414110390057986
"Et_10B_004187",25.8772451278113,-1.17079144214681,0.408514713387407,-2.86597129498371,0.00415731940190144,0.0414849698392994
"Et_8B_059344",584.681707379249,-1.3474224440311,0.470203248890359,-2.86561704371653,0.00416197386716321,0.0415020579779329
"Et_1B_014312",97.07362414932,-1.00562739714827,0.351181546639943,-2.86355421225852,0.00418917121131744,0.0416848637815551
"Et_2A_017544",47.5045425194211,1.14557659954911,0.400078101513637,2.86338241262139,0.00419144355592541,0.0416878710427175
"Et_4A_035828",52.5579332916849,-1.55217826508094,0.542077360716128,-2.86338883998105,0.00419135852294984,0.0416878710427175
"Et_1B_012677",14.4390145986633,-1.13408629071987,0.396119983255968,-2.86298681878675,0.00419668021459927,0.0417105464259843
"Et_2A_018484",25.2517905696295,-1.12546595101725,0.393173345569208,-2.86251843798792,0.00420288806102997,0.0417428356589506
"Et_3B_028232",22.7100434477725,2.12084406922198,0.741251030617997,2.86116845929211,0.00422082710063548,0.0418522499763106
"Et_7A_051522",5276.4332877063,-1.44538820221512,0.505310514052334,-2.86039605751291,0.00423112228362538,0.0419052410585131
"Et_2B_020327",201.584354634679,-1.77960869522201,0.622279121728811,-2.85982388462257,0.00423876333664564,0.0419598224673579
"Et_6B_048215",11.6261716352093,-1.19074148876854,0.416386269633748,-2.85970401909724,0.00424036565926486,0.0419598224673579
"Et_2B_020684",24.2893502904665,-1.47751352571172,0.5167028970259,-2.85950308042817,0.00424305297320906,0.04196830050903
"Et_6B_049976",5.87117146407598,-1.36134919378618,0.476083749226816,-2.85947419124698,0.00424343945836814,0.04196830050903
"Et_1A_004777",172.802340488414,-1.12464457014109,0.393389626525169,-2.85885670162462,0.00425170799462273,0.0419911977438586
"Et_4A_033903",12.3346925081653,1.60534399895441,0.561591430668496,2.85856213483079,0.0042556575566197,0.0420007993927578
"Et_2A_018611",10.346981917571,-1.73764909685237,0.607892293910515,-2.85848186308505,0.00425673441978709,0.042001632232546
"Et_8B_058515",17.5206405758768,-1.15172152467244,0.403152408871166,-2.85678939113196,0.0042794969152866,0.0421476168152033
"Et_4B_039624",8.33068506990994,-1.47715491073953,0.517105489368967,-2.85658331057776,0.0042822760714371,0.0421651752776217
"Et_2A_014919",8.95223463853793,-1.2483698143716,0.437057057545714,-2.85630855930299,0.00428598385106079,0.0421756331447562
"Et_2B_019834",95.7185091261391,-1.84783143546664,0.646935681118223,-2.85628307326113,0.00428632793373337,0.0421756331447562
"Et_8A_058406",264.795637655816,-1.30300036047028,0.456303934961148,-2.855553635717,0.00429618656884198,0.0422333601842956
"Et_5B_043397",111.492257981312,-1.17663656986441,0.412088401971265,-2.85530134853554,0.00429960111173906,0.0422571107869942
"Et_2B_022004",29.6710044349043,-1.39519889902734,0.48879580568567,-2.85435939261016,0.00431237162899095,0.042372780900603
"Et_3A_025053",173.407676129237,-1.53644616122798,0.538318047801508,-2.85416059800118,0.00431507116733515,0.042389464206505
"Et_6A_047481",70.2669179522597,1.19521283469804,0.418818802963891,2.85377071478113,0.00432037004993019,0.0424139938177099
"Et_3A_023534",373.09331649051,-1.05781754328835,0.370750351506179,-2.85318014936723,0.00432840763068734,0.0424525971977099
"Et_6A_048168",442.059975142831,-1.01343659838405,0.355272806061646,-2.85255888177438,0.0043368776977069,0.0424855532518506
"Et_6B_049533",27.7652705535678,-1.2056980875941,0.422667812139361,-2.85259026820941,0.00433644942983536,0.0424855532518506
"Et_2B_021048",25.2990058059265,-1.34731571370828,0.472653321604887,-2.85053685676742,0.00436454917006676,0.0426794064495904
"Et_1A_007810",219.636254751058,1.11674115777097,0.391848764018514,2.84992900403331,0.00437289888599114,0.0427491524266909
"Et_10A_000517",13.6038620440899,-1.27840152206554,0.44870955728212,-2.84906238638854,0.00438482814212573,0.0428360865592708
"Et_9A_061766",1337.53018480347,-1.18047322712977,0.414484391005361,-2.84805230968154,0.00439876937749314,0.0429405482392917
"Et_9A_061347",17.9343412386794,1.15245527207461,0.405264795635392,2.84370930928689,0.00445917101158063,0.0433778022780315
"Et_9B_066178",15.9308748665236,-1.84125013428042,0.647610280276203,-2.8431453149495,0.00446706983262118,0.0434289904241967
"Et_8B_059977",40.824612257717,-1.95093588914161,0.686265862239804,-2.84282811733376,0.0044715177986349,0.0434618217120859
"Et_1A_008422",1598.75234433076,-1.2300297851393,0.432714519908398,-2.84258957938294,0.00447486538730429,0.0434748170777589
"Et_2B_019311",9.07986085175876,-1.39568365667007,0.49106103849659,-2.84217958106192,0.00448062451896858,0.0435107915655692
"Et_3B_031736",625.368266751386,-1.41427357199805,0.497707313109407,-2.84157683591674,0.0044891033054936,0.0435731311670847
"Et_5A_040159",17.1808127569277,1.74558317235962,0.614425454610642,2.84100074184881,0.00449722077699318,0.0436078702830089
"Et_5B_044440",30.5110873106646,1.17037595904114,0.411968227353694,2.84093743480929,0.00449811361733721,0.0436078702830089
"Et_3A_024303",20.1140643747787,-1.01990803159292,0.359067975612172,-2.84043161981817,0.00450525306491345,0.0436517576505387
"Et_3B_031383",416.189218703308,-1.1668249083718,0.410834632833118,-2.84013278122481,0.00450947591717236,0.0436807097309989
"Et_4B_039858",104.167592959122,-1.00394877345868,0.353556997607138,-2.83956697294458,0.00451748110950485,0.0437182256012452
"Et_5A_040356",1841.02965920062,-1.01918855543661,0.358914852707348,-2.83963883842845,0.00451646362601724,0.0437182256012452
"Et_4A_034881",78.2328285086774,-1.10704740300843,0.389908736006871,-2.8392474976219,0.00452200680826357,0.0437234203745897
"Et_6A_047822",40.2028117719306,-1.16508944610834,0.410352957519655,-2.8392373559353,0.00452215054299572,0.0437234203745897
"Et_7A_052911",6.49324789038265,-1.34904533904416,0.475217359190776,-2.83879642221274,0.00452840375236779,0.0437738800365932
"Et_2A_015639",1549.18405710711,-1.0592103884961,0.37319110741121,-2.8382519504383,0.0045361361196346,0.0438185986265548
"Et_3A_027376",58.8204179899902,-1.06992330702894,0.376982790941798,-2.83812240966225,0.00453797756561577,0.0438263830618118
"Et_1B_009724",41.5868781652358,-1.28885263122146,0.454195125952804,-2.83766284043168,0.00454451589069933,0.0438495012527122
"Et_8B_058510",10.2641523566095,-1.5080695888644,0.531634413052828,-2.83666661118596,0.00455871862490371,0.0439457714096419
"Et_9A_063029",77.6055214056772,-2.22713053752069,0.7852236509421,-2.836300886822,0.00456394265212705,0.0439767880323353
"Et_3B_031091",12.7552223958589,-1.06699826393889,0.376273854222855,-2.83569600163327,0.00457259476744284,0.0440401025394131
"Et_7B_054212",36.5325415909146,1.10718673284961,0.39050565261177,2.83526429244891,0.00457877890185857,0.0440796003472827
"Et_2B_021082",154.327217257313,-1.0908676606003,0.384878996575544,-2.83431330445746,0.0045924283157418,0.0441507420086763
"Et_4B_036465",17.4181188343221,-1.02474426971445,0.361603461916002,-2.83388954376906,0.00459852236120367,0.0441640840643357
"Et_5A_042372",59.0057614133836,-1.26208834177365,0.445337218620371,-2.83400598244075,0.00459684714304551,0.0441640840643357
"Et_9A_061068",9.11597652149246,-1.56925075132949,0.553751448365451,-2.83385398983887,0.00459903399034801,0.0441640840643357
"Et_4B_039751",47.614083235397,-1.22738987131669,0.433136024441224,-2.83372844108295,0.00460084107797254,0.0441714143420594
"Et_8B_060571",28.1455312344874,-1.342892609128,0.473909458230466,-2.83364804353608,0.00460199861880882,0.0441717450051182
"Et_10B_004144",140.549947329366,-1.6907870680894,0.597344190427639,-2.83050726061128,0.00464742563535822,0.0444462420219452
"Et_3A_023037",26.8560894441849,1.1354090750582,0.401457033076215,2.82822066002428,0.00468075308921104,0.044675117441455
"Et_7B_053327",341.418467608487,-1.34909438352358,0.477058917800295,-2.82794081230933,0.00468484672665367,0.0446940291866509
"Et_9B_065997",25.2299081214824,-1.19446091093862,0.422469254567281,-2.82733216210506,0.00469376130924168,0.0447387339205198
"Et_2B_022042",6.67386198082603,2.45889820099372,0.870048613464086,2.82616185227128,0.00471094539197548,0.0448520155204505
"Et_6B_049322",117.825027107923,-2.79436380513211,0.988734361898896,-2.82620278288442,0.00471034343320737,0.0448520155204505
"Et_3A_026207",27.8566395447479,-1.44880126676434,0.512792358421288,-2.82531758317284,0.00472337744003528,0.0449501536456697
"Et_1B_010631",9.52729868418944,1.50833178041447,0.534035812584439,2.82440193123936,0.00473689417945615,0.045048395881929
"Et_4B_036166",21.2955538369835,-1.24936915669168,0.442434617725246,-2.8238503648635,0.00474505322073968,0.0450753428286652
"Et_2B_019803",1645.04796616632,-1.10047673563689,0.389794048554048,-2.82322611060671,0.00475430284026953,0.0451125776233647
"Et_4A_035585",68.2953860210046,-1.36269829463181,0.482673974721772,-2.82322720096378,0.00475428667015459,0.0451125776233647
"Et_1B_013889",20.9905719821337,-3.17337749058927,1.12474880789453,-2.82140996133142,0.00478130572797653,0.0453078500689581
"Et_8B_058839",833.061046047278,-1.41056334038361,0.500241633679689,-2.81976398087412,0.0048058983261425,0.045510319347136
"Et_1B_010474",208.925300913957,-1.86637081450005,0.661989268657747,-2.81933696339868,0.0048122970668476,0.0455199847717905
"Et_9A_062442",912.676566348229,-1.01679062717187,0.360697884587834,-2.81895367457934,0.00481804710981629,0.0455438359811091
"Et_9B_063800",15.1580015277034,-3.11558932445948,1.10521282284622,-2.81899491216181,0.0048174281713064,0.0455438359811091
"Et_9A_063038",4.9599312487805,-2.09866187540981,0.744546616497749,-2.81871118464233,0.00482168811846256,0.045553721711637
"Et_3B_030589",111.601505321158,-1.52162387633273,0.540118563588089,-2.81720344182276,0.00484438293575176,0.045721294790592
"Et_7B_054130",22.5638646338256,-1.30845834500913,0.464481388631596,-2.817030729399,0.00484698879440937,0.045735689136991
"Et_4A_032861",818.831339778436,-1.24681759667058,0.442641348229239,-2.81676712231789,0.00485096850282238,0.0457617257274156
"Et_3B_029843",41.3544399503442,-1.14899158887052,0.408116178137847,-2.81535418202029,0.00487235026994059,0.0458727171132115
"Et_3A_024093",92.6813000745186,-1.15917155491189,0.411872945828762,-2.81439110446896,0.00488697317085526,0.0459490567852909
"Et_4A_035169",38.6288157589716,-1.20781467435891,0.42913885969552,-2.81450781505983,0.00488519898249118,0.0459490567852909
"Et_3B_031188",70.9608128604008,-1.06486496379618,0.378374137947108,-2.81431751539276,0.00488809214256981,0.0459493690523222
"Et_9A_061496",22.8005083325642,-1.07551864471033,0.382215302619111,-2.81390786119862,0.00489432544925068,0.04599550136553
"Et_1B_014156",31.0333351074325,-1.02713158816251,0.365155629156724,-2.8128597949716,0.00491030558984416,0.0460705795629504
"Et_8A_056362",8.96181235119468,1.49147454356644,0.530240135952599,2.81282845721767,0.00491078413063491,0.0460705795629504
"Et_3B_030904",10.3885779996943,-2.00441331144691,0.712660438751131,-2.81257833668929,0.00491460508941611,0.0460859932160624
"Et_7A_051836",71.2575451325293,-1.10491722668673,0.392954475241245,-2.81181993412441,0.00492620724790264,0.0461641033505845
"Et_1A_009065",17.4105379510351,1.23091893839743,0.437817902801803,2.81148607793377,0.0049313224796183,0.0461691645732231
"Et_6A_047830",13.4573744781006,-1.0373609245769,0.369240928188504,-2.8094418721841,0.00496274800828759,0.0463730394592031
"Et_1A_005557",7.11766019799025,-1.60317599415473,0.570774442050429,-2.80877326671379,0.00497306570205599,0.04640388141045
"Et_4A_032667",40.3269039919653,1.56692122114565,0.557893089078454,2.80864067295393,0.00497511414762806,0.04640388141045
"Et_9A_061979",18.7216261661443,-2.72518512069479,0.970295801166821,-2.80861271111103,0.00497554622851378,0.04640388141045
"Et_9B_065607",8.52236328349687,3.15377174214662,1.12290266361532,2.80858870883135,0.00497591715124344,0.04640388141045
"Et_1A_006349",18.0134211278919,1.05901101081351,0.377123748726836,2.80812601802119,0.00498307229999599,0.0464501365056895
"Et_3B_029221",25.9924732870605,-1.04911288951909,0.373615943701914,-2.80799817888959,0.00498505087119352,0.0464521337357664
"Et_4B_036025",19.9707337468811,-3.47767984384967,1.23944810008899,-2.80582933936481,0.00501872652348274,0.0466796717524812
"Et_3A_023457",5.8865341445302,-1.82104358472979,0.649232098818353,-2.8049192084683,0.00503291932509811,0.0467423216862784
"Et_2B_022752",12.4291354951233,-2.05342965998696,0.732180338568346,-2.80454083757848,0.00503883040383329,0.0467741396556755
"Et_1B_012614",72.4384893493506,-1.37732324339466,0.491135864825816,-2.80436299206766,0.0050416109535329,0.0467896876213843
"Et_5A_041587",6.58220500912455,-1.98715980620574,0.708654925867728,-2.80412896837275,0.00504527194233247,0.0468060656500952
"Et_1B_013324",15.2892205345064,1.26515965797055,0.451209452041616,2.80392986504604,0.00504838854055433,0.0468115256433522
"Et_4B_036197",51.971825990638,-1.17824302591266,0.420236123026355,-2.80376426811544,0.00505098198313685,0.0468197391485894
"Et_2A_017896",12.0492130236643,-1.50520766610116,0.536996689002648,-2.80301107423352,0.00506279308902734,0.0469142552064018
"Et_2A_018727",51.8805949548751,-1.12791282519821,0.402457918852874,-2.80256089484611,0.00506986443054418,0.046938670466119
"Et_1A_009128",9.2570396578039,-3.43133453534074,1.2245210933158,-2.80218491463405,0.00507577710496428,0.0469474979783735
"Et_5B_045686",15.8519948747951,-1.07722500831734,0.38439271109731,-2.8024074786492,0.00507227630521082,0.0469474979783735
"Et_10A_000635",121.268706880059,-1.43797540317398,0.513228147764409,-2.80182489880517,0.00508144456433935,0.0469541929483451
"Et_1A_004509",21.9145822306984,-1.28560850612538,0.458910857289284,-2.80143406002479,0.00508760372165975,0.046979574405551
"Et_5B_045232",65.3649180731565,-1.0080102431866,0.359886532991976,-2.80091126168668,0.00509585295601226,0.0470352229222331
"Et_2A_018266",25.8455881008274,-1.1009848803304,0.393092470315422,-2.80082922841784,0.00509714845568323,0.0470369216407576
"Et_8A_056889",22.6020295275464,-3.46328237371721,1.23841693047442,-2.7965399119588,0.00516530307170842,0.0475065447985836
"Et_9A_061543",34.6942777187734,1.30642842356429,0.467296603261396,2.79571564279807,0.00517849414974313,0.0475376449633318
"Et_10B_003740",8.54793994803487,-2.4286328789141,0.868775386675321,-2.79546694826166,0.00518248007193427,0.0475547607641496
"Et_4B_038449",67.2633174080923,-1.13972710346557,0.407784800672341,-2.79492296325521,0.00519120839267055,0.0476050210176147
"Et_3A_027050",35.2394795805376,-1.15392372458028,0.412955824054611,-2.79430306430956,0.00520117095481415,0.0476745841039062
"Et_7A_052653",170.217042404159,1.30656615703283,0.467609922534153,2.79413693779649,0.00520384375203713,0.0476887543495477
"Et_4B_036194",133.413956277376,-1.8068991306538,0.646927473857098,-2.79304744916882,0.00522140323297354,0.0478082615360104
"Et_4A_034318",15.4462809016054,1.20743035780996,0.43231034571139,2.79297122955285,0.00522263367923913,0.0478091839293533
"Et_6B_048893",15.2036034958663,-1.25525275309344,0.449483882409301,-2.79265353490563,0.00522776518361763,0.0478458093794763
"Et_2B_022351",5.79656530051766,-1.34947651759243,0.483367347139653,-2.79182391110616,0.00524118701573361,0.0479362684278131
"Et_1A_008696",12.8227073136303,-1.01033899705376,0.362370395986041,-2.78813889943891,0.00530118094244663,0.048307149604272
"Et_3B_030975",74.3220407491241,1.87330975726856,0.672092468750751,2.78727979313705,0.0053152565004879,0.0484057790188612
"Et_4A_033186",16.9069750371836,-1.38099811343538,0.495527065326069,-2.78692771811899,0.00532103462575827,0.0484429405792516
"Et_10A_000239",25.9125656920199,-1.05227017483957,0.377709412315642,-2.78592521268763,0.00533751846208224,0.048541711832865
"Et_6A_047728",125.958626222783,2.25316743788168,0.808921783685736,2.78539592247775,0.00534623997924813,0.0485568267066263
"Et_8A_057541",13.5565018040223,-1.27174568801149,0.456570842002661,-2.78542905287866,0.00534569368711187,0.0485568267066263
"Et_7B_055641",7.01009339392948,2.40948232505096,0.865177820370771,2.78495618856523,0.00535349559438973,0.0485913518078816
"Et_4A_035094",17.9008594927674,-2.320605731882,0.833688039815519,-2.7835420697597,0.00537688888995813,0.0487363327956796
"Et_5A_041288",94.4481409893394,-1.00020833329712,0.359394964211182,-2.78303380096722,0.00538531953495448,0.0487608349399183
"Et_4A_032692",12.2319212451862,-1.71799618175341,0.61746117358843,-2.78235499694519,0.00539659745883953,0.0488208645699207
"Et_3B_029814",23.8206636647204,1.16064188071456,0.417228559926951,2.78178914913631,0.00540601497503796,0.0488956088359919
"Et_5B_044813",11.6485770049496,-1.09570604945043,0.393932518856478,-2.78145620633474,0.00541156313883686,0.0489248775978585
"Et_3B_028686",18.1682366157958,-1.28791535984939,0.463269452929077,-2.78005672877068,0.00543494031592476,0.049055257516794
"Et_4B_039518",256.536880572802,-1.06982015271417,0.384822164643332,-2.78003777070823,0.00543525762042172,0.049055257516794
"Et_4B_039265",178.326466740882,-1.01193455873674,0.364104764114924,-2.77924009370374,0.00544862364874593,0.0491095957456891
"Et_5A_040581",36.9807607590217,-1.03848566869598,0.373758074728731,-2.77849694471403,0.00546110268613447,0.049194096568159
"Et_Un_066467",11.3767394057932,1.4174395000744,0.510182095106081,2.77830114712214,0.00546439483156925,0.0492132771381167
"Et_7B_054704",318.258824280604,-1.0808671270155,0.389122173750963,-2.77770633473909,0.00547440701192425,0.0492824728237894
"Et_4A_035122",191.201654139139,-1.08691779868301,0.391366029972795,-2.77724103637346,0.00548225068725948,0.0493030654335957
"Et_3A_025321",38.7515436992217,-1.27629382586092,0.460012543321137,-2.77447614068631,0.00552906895759502,0.0495432805687518
"Et_6A_046567",10.5801472982521,-1.71401598368543,0.617918735507502,-2.77385339720715,0.00553966359911123,0.0496061285472677
"Et_4B_040055",132.512217764165,1.64565891523996,0.593352808910614,2.77349140431536,0.00554583054650824,0.0496201088226278
"Et_7A_050591",13.9916254303793,1.70977587958282,0.616471687823726,2.77348646069811,0.00554591480933435,0.0496201088226278
"Et_6A_047706",45.7764190599977,-1.08125726346113,0.389876656349405,-2.77333163156123,0.00554855442137405,0.0496227436839708
"Et_2B_022341",888.149485023103,1.0357041523976,0.373653548569041,2.77183009866753,0.00557421225021893,0.0498101060872604
"Et_2B_022626",54.3247706713021,-1.01992248937331,0.368060812977186,-2.77107057696068,0.00558723150270677,0.04988431164442
